code,level,parent_code,name,name_full,kind
0201100001,item,02011000,"в порядке, указанном в дополнительном примечании Евразийского экономического союза 3 к группе 02, кроме включенных в подсубпозицию 0201 10 000 2 или 0201 10 000 3","туши и полутуши: > в порядке, указанном в дополнительном примечании Евразийского экономического союза 3 к группе 02, кроме включенных в подсубпозицию 0201 10 000 2 или 0201 10 000 3",from_file
0201100002,item,02011000,говядина стоимостью на условиях франко-границы страны ввоза не менее 8000 евро за 1000 кг нетто-массы,туши и полутуши: > говядина стоимостью на условиях франко-границы страны ввоза не менее 8000 евро за 1000 кг нетто-массы,from_file
0201100003,item,02011000,высококачественная говядина 12),туши и полутуши: > прочие: > высококачественная говядина 12),from_file
0201100008,item,02011000,прочие,туши и полутуши: > прочие: > прочие,from_file
0201202001,item,02012020,"в порядке, указанном в дополнительном примечании Евразийского экономического союза 3 к группе 02, кроме включенных в подсубпозицию 0201 20 200 2 или 0201 20 200 3","""компенсированные"" четвертины: > в порядке, указанном в дополнительном примечании Евразийского экономического союза 3 к группе 02, кроме включенных в подсубпозицию 0201 20 200 2 или 0201 20 200 3",from_file
0201202002,item,02012020,говядина стоимостью на условиях франко-границы страны ввоза не менее 8000 евро за 1000 кг нетто-массы,"""компенсированные"" четвертины: > говядина стоимостью на условиях франко-границы страны ввоза не менее 8000 евро за 1000 кг нетто-массы",from_file
0201202003,item,02012020,высококачественная говядина 12),"""компенсированные"" четвертины: > прочие: > высококачественная говядина 12)",from_file
0201202008,item,02012020,прочие,"""компенсированные"" четвертины: > прочие: > прочие",from_file
0201203001,item,02012030,"в порядке, указанном в дополнительном примечании Евразийского экономического союза 3 к группе 02, кроме включенных в подсубпозицию 0201 20 300 2 или 0201 20 300 3","неразделенные или разделенные передние четвертины: > в порядке, указанном в дополнительном примечании Евразийского экономического союза 3 к группе 02, кроме включенных в подсубпозицию 0201 20 300 2 или 0201 20 300 3",from_file
0201203002,item,02012030,говядина стоимостью на условиях франко-границы страны ввоза не менее 8000 евро за 1000 кг нетто-массы,неразделенные или разделенные передние четвертины: > говядина стоимостью на условиях франко-границы страны ввоза не менее 8000 евро за 1000 кг нетто-массы,from_file
0201203003,item,02012030,высококачественная говядина 12),неразделенные или разделенные передние четвертины: > прочие: > высококачественная говядина 12),from_file
0201203008,item,02012030,прочие,неразделенные или разделенные передние четвертины: > прочие: > прочие,from_file
0201205001,item,02012050,"в порядке, указанном в дополнительном примечании Евразийского экономического союза 3 к группе 02, кроме включенных в подсубпозицию 0201 20 500 2 или 0201 20 500 3","неразделенные или разделенные задние четвертины: > в порядке, указанном в дополнительном примечании Евразийского экономического союза 3 к группе 02, кроме включенных в подсубпозицию 0201 20 500 2 или 0201 20 500 3",from_file
0201205002,item,02012050,говядина стоимостью на условиях франко-границы страны ввоза не менее 8000 евро за 1000 кг нетто-массы,неразделенные или разделенные задние четвертины: > говядина стоимостью на условиях франко-границы страны ввоза не менее 8000 евро за 1000 кг нетто-массы,from_file
0201205003,item,02012050,высококачественная говядина 12),неразделенные или разделенные задние четвертины: > прочие: > высококачественная говядина 12),from_file
0201205008,item,02012050,прочие,неразделенные или разделенные задние четвертины: > прочие: > прочие,from_file
0201209001,item,02012090,"в порядке, указанном в дополнительном примечании Евразийского экономического союза 3 к группе 02, кроме включенных в подсубпозицию 0201 20 900 2 или 0201 20 900 3","Мясо крупного рогатого скота, свежее или охлажденное: > прочие отруба, необваленные: > прочие: > в порядке, указанном в дополнительном примечании Евразийского экономического союза 3 к группе 02, кроме включенных в подсубпозицию 0201 20 900 2 или 0201 20 900 3",from_file
0201209002,item,02012090,говядина стоимостью на условиях франко-границы страны ввоза не менее 8000 евро за 1000 кг нетто-массы,"Мясо крупного рогатого скота, свежее или охлажденное: > прочие отруба, необваленные: > прочие: > говядина стоимостью на условиях франко-границы страны ввоза не менее 8000 евро за 1000 кг нетто-массы",from_file
0201209003,item,02012090,высококачественная говядина 12),"Мясо крупного рогатого скота, свежее или охлажденное: > прочие отруба, необваленные: > прочие: > прочие: > высококачественная говядина 12)",from_file
0201209008,item,02012090,прочие,"Мясо крупного рогатого скота, свежее или охлажденное: > прочие отруба, необваленные: > прочие: > прочие: > прочие",from_file
0201300004,item,02013000,"в порядке, указанном в дополнительном примечании Евразийского экономического союза 3 к группе 02, кроме включенных в подсубпозицию 0201 30 000 5 или 0201 30 000 6","мясо обваленное: > в порядке, указанном в дополнительном примечании Евразийского экономического союза 3 к группе 02, кроме включенных в подсубпозицию 0201 30 000 5 или 0201 30 000 6",from_file
0201300005,item,02013000,говядина стоимостью на условиях франко-границы страны ввоза не менее 8000 евро за 1000 кг нетто-массы,мясо обваленное: > говядина стоимостью на условиях франко-границы страны ввоза не менее 8000 евро за 1000 кг нетто-массы,from_file
0201300006,item,02013000,высококачественная говядина 12),мясо обваленное: > прочее: > высококачественная говядина 12),from_file
0201300008,item,02013000,прочее,мясо обваленное: > прочее: > прочее,from_file
0202100001,item,02021000,"в порядке, указанном в дополнительном примечании Евразийского экономического союза 1 к группе 02, кроме включенных в подсубпозицию 0202 10 000 2 или 0202 10 000 3","туши и полутуши: > в порядке, указанном в дополнительном примечании Евразийского экономического союза 1 к группе 02, кроме включенных в подсубпозицию 0202 10 000 2 или 0202 10 000 3",from_file
0202100002,item,02021000,говядина стоимостью на условиях франко-границы страны ввоза не менее 8000 евро за 1000 кг нетто-массы,туши и полутуши: > говядина стоимостью на условиях франко-границы страны ввоза не менее 8000 евро за 1000 кг нетто-массы,from_file
0202100003,item,02021000,высококачественная говядина 12),туши и полутуши: > прочие: > высококачественная говядина 12),from_file
0202100008,item,02021000,прочие,туши и полутуши: > прочие: > прочие,from_file
0202201001,item,02022010,"в порядке, указанном в дополнительном примечании Евразийского экономического союза 1 к группе 02, кроме включенных в подсубпозицию 0202 20 100 2 или 0202 20 100 3","""компенсированные"" четвертины: > в порядке, указанном в дополнительном примечании Евразийского экономического союза 1 к группе 02, кроме включенных в подсубпозицию 0202 20 100 2 или 0202 20 100 3",from_file
0202201002,item,02022010,говядина стоимостью на условиях франко-границы страны ввоза не менее 8000 евро за 1000 кг нетто-массы,"""компенсированные"" четвертины: > говядина стоимостью на условиях франко-границы страны ввоза не менее 8000 евро за 1000 кг нетто-массы",from_file
0202201003,item,02022010,высококачественная говядина 12),"""компенсированные"" четвертины: > прочие: > высококачественная говядина 12)",from_file
0202201008,item,02022010,прочие,"""компенсированные"" четвертины: > прочие: > прочие",from_file
0202203001,item,02022030,"в порядке, указанном в дополнительном примечании Евразийского экономического союза 1 к группе 02, кроме включенных в подсубпозицию 0202 20 300 2 или 0202 20 300 3","неразделенные или разделенные передние четвертины: > в порядке, указанном в дополнительном примечании Евразийского экономического союза 1 к группе 02, кроме включенных в подсубпозицию 0202 20 300 2 или 0202 20 300 3",from_file
0202203002,item,02022030,говядина стоимостью на условиях франко-границы страны ввоза не менее 8000 евро за 1000 кг нетто-массы,неразделенные или разделенные передние четвертины: > говядина стоимостью на условиях франко-границы страны ввоза не менее 8000 евро за 1000 кг нетто-массы,from_file
0202203003,item,02022030,высококачественная говядина 12),неразделенные или разделенные передние четвертины: > прочие: > высококачественная говядина 12),from_file
0202203008,item,02022030,прочие,неразделенные или разделенные передние четвертины: > прочие: > прочие,from_file
0202205001,item,02022050,"в порядке, указанном в дополнительном примечании Евразийского экономического союза 1 к группе 02, кроме включенных в подсубпозицию 0202 20 500 2 или 0202 20 500 3","неразделенные или разделенные задние четвертины: > в порядке, указанном в дополнительном примечании Евразийского экономического союза 1 к группе 02, кроме включенных в подсубпозицию 0202 20 500 2 или 0202 20 500 3",from_file
0202205002,item,02022050,говядина стоимостью на условиях франко-границы страны ввоза не менее 8000 евро за 1000 кг нетто-массы,неразделенные или разделенные задние четвертины: > говядина стоимостью на условиях франко-границы страны ввоза не менее 8000 евро за 1000 кг нетто-массы,from_file
0202205003,item,02022050,высококачественная говядина 12),неразделенные или разделенные задние четвертины: > прочие: > высококачественная говядина 12),from_file
0202205008,item,02022050,прочие,неразделенные или разделенные задние четвертины: > прочие: > прочие,from_file
0202209001,item,02022090,"в порядке, указанном в дополнительном примечании Евразийского экономического союза 1 к группе 02, кроме включенных в подсубпозицию 0202 20 900 2 или 0202 20 900 3","Мясо крупного рогатого скота, замороженное: > прочие отруба, необваленные: > прочее: > в порядке, указанном в дополнительном примечании Евразийского экономического союза 1 к группе 02, кроме включенных в подсубпозицию 0202 20 900 2 или 0202 20 900 3",from_file
0202209002,item,02022090,говядина стоимостью на условиях франко-границы страны ввоза не менее 8000 евро за 1000 кг нетто-массы,"Мясо крупного рогатого скота, замороженное: > прочие отруба, необваленные: > прочее: > говядина стоимостью на условиях франко-границы страны ввоза не менее 8000 евро за 1000 кг нетто-массы",from_file
0202209003,item,02022090,высококачественная говядина 12),"Мясо крупного рогатого скота, замороженное: > прочие отруба, необваленные: > прочее: > прочее: > высококачественная говядина 12)",from_file
0202209008,item,02022090,прочее,"Мясо крупного рогатого скота, замороженное: > прочие отруба, необваленные: > прочее: > прочее: > прочее",from_file
0202301004,item,02023010,"в порядке, указанном в дополнительном примечании Евразийского экономического союза 1 к группе 02, кроме включенных в подсубпозицию 0202 30 100 5 или 0202 30 100 6","передние четвертины, целые или разрубленные максимально на пять кусков, причем каждая четвертина представлена одним блоком; ""компенсированные"" четвертины представлены двумя блоками, один из которых содержит переднюю четвертину, целую или разрубленную максимально на пять кусков, а другой - заднюю четвертину, за исключением вырезки, одним куском: > в порядке, указанном в дополнительном примечании Евразийского экономического союза 1 к группе 02, кроме включенных в подсубпозицию 0202 30 100 5 или 0202 30 100 6",from_file
0202301005,item,02023010,говядина стоимостью на условиях франко-границы страны ввоза не менее 8000 евро за 1000 кг нетто-массы,"передние четвертины, целые или разрубленные максимально на пять кусков, причем каждая четвертина представлена одним блоком; ""компенсированные"" четвертины представлены двумя блоками, один из которых содержит переднюю четвертину, целую или разрубленную максимально на пять кусков, а другой - заднюю четвертину, за исключением вырезки, одним куском: > говядина стоимостью на условиях франко-границы страны ввоза не менее 8000 евро за 1000 кг нетто-массы",from_file
0202301006,item,02023010,высококачественная говядина 12),"передние четвертины, целые или разрубленные максимально на пять кусков, причем каждая четвертина представлена одним блоком; ""компенсированные"" четвертины представлены двумя блоками, один из которых содержит переднюю четвертину, целую или разрубленную максимально на пять кусков, а другой - заднюю четвертину, за исключением вырезки, одним куском: > прочее: > высококачественная говядина 12)",from_file
0202301008,item,02023010,прочее,"передние четвертины, целые или разрубленные максимально на пять кусков, причем каждая четвертина представлена одним блоком; ""компенсированные"" четвертины представлены двумя блоками, один из которых содержит переднюю четвертину, целую или разрубленную максимально на пять кусков, а другой - заднюю четвертину, за исключением вырезки, одним куском: > прочее: > прочее",from_file
0202305004,item,02023050,"в порядке, указанном в дополнительном примечании Евразийского экономического союза 1 к группе 02, кроме включенных в подсубпозицию 0202 30 500 5 или 0202 30 500 6","лопатка, шейно-лопаточная часть и грудинка: > в порядке, указанном в дополнительном примечании Евразийского экономического союза 1 к группе 02, кроме включенных в подсубпозицию 0202 30 500 5 или 0202 30 500 6",from_file
0202305005,item,02023050,говядина стоимостью на условиях франко-границы страны ввоза не менее 8000 евро за 1000 кг нетто-массы,"лопатка, шейно-лопаточная часть и грудинка: > говядина стоимостью на условиях франко-границы страны ввоза не менее 8000 евро за 1000 кг нетто-массы",from_file
0202305006,item,02023050,высококачественная говядина 12),"лопатка, шейно-лопаточная часть и грудинка: > прочие: > высококачественная говядина 12)",from_file
0202305008,item,02023050,прочие,"лопатка, шейно-лопаточная часть и грудинка: > прочие: > прочие",from_file
0202309004,item,02023090,"в порядке, указанном в дополнительном примечании Евразийского экономического союза 1 к группе 02, кроме включенных в подсубпозицию 0202 30 900 5 или 0202 30 900 6","мясо обваленное: > прочие: > в порядке, указанном в дополнительном примечании Евразийского экономического союза 1 к группе 02, кроме включенных в подсубпозицию 0202 30 900 5 или 0202 30 900 6",from_file
0202309005,item,02023090,говядина стоимостью на условиях франко-границы страны ввоза не менее 8000 евро за 1000 кг нетто-массы,мясо обваленное: > прочие: > говядина стоимостью на условиях франко-границы страны ввоза не менее 8000 евро за 1000 кг нетто-массы,from_file
0202309006,item,02023090,высококачественная говядина 12),мясо обваленное: > прочие: > прочие: > высококачественная говядина 12),from_file
0202309008,item,02023090,прочие,мясо обваленное: > прочие: > прочие: > прочие,from_file
0203111001,item,02031110,"в порядке, указанном в дополнительном примечании Евразийского экономического союза 2 к группе 02","домашних свиней: > в порядке, указанном в дополнительном примечании Евразийского экономического союза 2 к группе 02",from_file
0203111009,item,02031110,прочие,домашних свиней: > прочие,from_file
0203119001,item,02031190,"в порядке, указанном в дополнительном примечании Евразийского экономического союза 2 к группе 02","туши и полутуши: > прочие: > в порядке, указанном в дополнительном примечании Евразийского экономического союза 2 к группе 02",from_file
0203119009,item,02031190,прочие,туши и полутуши: > прочие: > прочие,from_file
0203121101,item,02031211,"в порядке, указанном в дополнительном примечании Евразийского экономического союза 2 к группе 02","окорока и отруба из них: > в порядке, указанном в дополнительном примечании Евразийского экономического союза 2 к группе 02",from_file
0203121109,item,02031211,прочие,окорока и отруба из них: > прочие,from_file
0203121901,item,02031219,"в порядке, указанном в дополнительном примечании Евразийского экономического союза 2 к группе 02","лопатки и отруба из них: > в порядке, указанном в дополнительном примечании Евразийского экономического союза 2 к группе 02",from_file
0203121909,item,02031219,прочие,лопатки и отруба из них: > прочие,from_file
0203129001,item,02031290,"в порядке, указанном в дополнительном примечании Евразийского экономического союза 2 к группе 02","окорока, лопатки и отруба из них, необваленные: > прочие: > в порядке, указанном в дополнительном примечании Евразийского экономического союза 2 к группе 02",from_file
0203129009,item,02031290,прочие,"окорока, лопатки и отруба из них, необваленные: > прочие: > прочие",from_file
0203191101,item,02031911,"в порядке, указанном в дополнительном примечании Евразийского экономического союза 2 к группе 02","передние края и отруба из них: > в порядке, указанном в дополнительном примечании Евразийского экономического союза 2 к группе 02",from_file
0203191109,item,02031911,прочие,передние края и отруба из них: > прочие,from_file
0203191301,item,02031913,"в порядке, указанном в дополнительном примечании Евразийского экономического союза 2 к группе 02","корейки и отруба из них, необваленные: > в порядке, указанном в дополнительном примечании Евразийского экономического союза 2 к группе 02",from_file
0203191309,item,02031913,прочие,"корейки и отруба из них, необваленные: > прочие",from_file
0203191501,item,02031915,"в порядке, указанном в дополнительном примечании Евразийского экономического союза 2 к группе 02","грудинки (стрики) и отруба из них: > в порядке, указанном в дополнительном примечании Евразийского экономического союза 2 к группе 02",from_file
0203191509,item,02031915,прочие,грудинки (стрики) и отруба из них: > прочие,from_file
0203195501,item,02031955,"в порядке, указанном в дополнительном примечании Евразийского экономического союза 2 к группе 02","мясо обваленное: > в порядке, указанном в дополнительном примечании Евразийского экономического союза 2 к группе 02",from_file
0203195509,item,02031955,прочее,мясо обваленное: > прочее,from_file
0203195901,item,02031959,"в порядке, указанном в дополнительном примечании Евразийского экономического союза 2 к группе 02","домашних свиней: > прочая: > прочая: > в порядке, указанном в дополнительном примечании Евразийского экономического союза 2 к группе 02",from_file
0203195909,item,02031959,прочая,домашних свиней: > прочая: > прочая: > прочая,from_file
0203199001,item,02031990,"в порядке, указанном в дополнительном примечании Евразийского экономического союза 2 к группе 02","свежая или охлажденная: > прочая: > прочая: > в порядке, указанном в дополнительном примечании Евразийского экономического союза 2 к группе 02",from_file
0203199009,item,02031990,прочая,свежая или охлажденная: > прочая: > прочая: > прочая,from_file
0203211001,item,02032110,"в порядке, указанном в дополнительном примечании Евразийского экономического союза 2 к группе 02","домашних свиней: > в порядке, указанном в дополнительном примечании Евразийского экономического союза 2 к группе 02",from_file
0203211009,item,02032110,прочие,домашних свиней: > прочие,from_file
0203219001,item,02032190,"в порядке, указанном в дополнительном примечании Евразийского экономического союза 2 к группе 02","туши и полутуши: > прочие: > в порядке, указанном в дополнительном примечании Евразийского экономического союза 2 к группе 02",from_file
0203219009,item,02032190,прочие,туши и полутуши: > прочие: > прочие,from_file
0203221101,item,02032211,"в порядке, указанном в дополнительном примечании Евразийского экономического союза 2 к группе 02","окорока и отруба из них: > в порядке, указанном в дополнительном примечании Евразийского экономического союза 2 к группе 02",from_file
0203221109,item,02032211,прочие,окорока и отруба из них: > прочие,from_file
0203221901,item,02032219,"в порядке, указанном в дополнительном примечании Евразийского экономического союза 2 к группе 02","лопатки и отруба из них: > в порядке, указанном в дополнительном примечании Евразийского экономического союза 2 к группе 02",from_file
0203221909,item,02032219,прочие,лопатки и отруба из них: > прочие,from_file
0203229001,item,02032290,"в порядке, указанном в дополнительном примечании Евразийского экономического союза 2 к группе 02","окорока, лопатки и отруба из них, необваленные: > прочие: > в порядке, указанном в дополнительном примечании Евразийского экономического союза 2 к группе 02",from_file
0203229009,item,02032290,прочие,"окорока, лопатки и отруба из них, необваленные: > прочие: > прочие",from_file
0203291101,item,02032911,"в порядке, указанном в дополнительном примечании Евразийского экономического союза 2 к группе 02","передние края и отруба из них: > в порядке, указанном в дополнительном примечании Евразийского экономического союза 2 к группе 02",from_file
0203291109,item,02032911,прочие,передние края и отруба из них: > прочие,from_file
0203291301,item,02032913,"в порядке, указанном в дополнительном примечании Евразийского экономического союза 2 к группе 02","корейки и отруба из них, необваленные: > в порядке, указанном в дополнительном примечании Евразийского экономического союза 2 к группе 02",from_file
0203291309,item,02032913,прочие,"корейки и отруба из них, необваленные: > прочие",from_file
0203291501,item,02032915,"в порядке, указанном в дополнительном примечании Евразийского экономического союза 2 к группе 02","грудинки (стрики) и отруба из них: > в порядке, указанном в дополнительном примечании Евразийского экономического союза 2 к группе 02",from_file
0203291509,item,02032915,прочие,грудинки (стрики) и отруба из них: > прочие,from_file
0203295501,item,02032955,"в порядке, указанном в дополнительном примечании Евразийского экономического союза 2 к группе 02","мясо обваленное: > в порядке, указанном в дополнительном примечании Евразийского экономического союза 2 к группе 02",from_file
0203295502,item,02032955,"тримминг в порядке, указанном в дополнительном примечании Евразийского экономического союза 2 к группе 02","мясо обваленное: > тримминг в порядке, указанном в дополнительном примечании Евразийского экономического союза 2 к группе 02",from_file
0203295503,item,02032955,тримминг,мясо обваленное: > прочее: > тримминг,from_file
0203295509,item,02032955,прочее,мясо обваленное: > прочее: > прочее,from_file
0203295901,item,02032959,"в порядке, указанном в дополнительном примечании Евразийского экономического союза 2 к группе 02","домашних свиней: > прочая: > прочая: > в порядке, указанном в дополнительном примечании Евразийского экономического союза 2 к группе 02",from_file
0203295909,item,02032959,прочая,домашних свиней: > прочая: > прочая: > прочая,from_file
0203299001,item,02032990,"в порядке, указанном в дополнительном примечании Евразийского экономического союза 2 к группе 02","замороженная: > прочая: > прочая: > в порядке, указанном в дополнительном примечании Евразийского экономического союза 2 к группе 02",from_file
0203299002,item,02032990,"тримминг в порядке, указанном в дополнительном примечании Евразийского экономического союза 2 к группе 02","замороженная: > прочая: > прочая: > тримминг в порядке, указанном в дополнительном примечании Евразийского экономического союза 2 к группе 02",from_file
0203299003,item,02032990,тримминг,замороженная: > прочая: > прочая: > прочая: > тримминг,from_file
0203299009,item,02032990,прочая,замороженная: > прочая: > прочая: > прочая: > прочая,from_file
0204100000,item,02041000,"туши и полутуши ягнят, свежие или охлажденные","Баранина или козлятина свежая, охлажденная или замороженная: > туши и полутуши ягнят, свежие или охлажденные",from_file
0204210000,item,02042100,туши и полутуши,"Баранина или козлятина свежая, охлажденная или замороженная: > прочая баранина, свежая или охлажденная: > туши и полутуши",from_file
0204221000,item,02042210,передние четвертины короткого разруба,"Баранина или козлятина свежая, охлажденная или замороженная: > прочая баранина, свежая или охлажденная: > прочие отруба, необваленные: > передние четвертины короткого разруба",from_file
0204223000,item,02042230,хребтовые края спинной части и/или почечные части,"Баранина или козлятина свежая, охлажденная или замороженная: > прочая баранина, свежая или охлажденная: > прочие отруба, необваленные: > хребтовые края спинной части и/или почечные части",from_file
0204225000,item,02042250,тазобедренные части с голяшкой,"Баранина или козлятина свежая, охлажденная или замороженная: > прочая баранина, свежая или охлажденная: > прочие отруба, необваленные: > тазобедренные части с голяшкой",from_file
0204229000,item,02042290,прочие,"Баранина или козлятина свежая, охлажденная или замороженная: > прочая баранина, свежая или охлажденная: > прочие отруба, необваленные: > прочие",from_file
0204230000,item,02042300,мясо обваленное,"Баранина или козлятина свежая, охлажденная или замороженная: > прочая баранина, свежая или охлажденная: > мясо обваленное",from_file
0204300000,item,02043000,"туши и полутуши ягнят, замороженные","Баранина или козлятина свежая, охлажденная или замороженная: > туши и полутуши ягнят, замороженные",from_file
0204410000,item,02044100,туши и полутуши,"Баранина или козлятина свежая, охлажденная или замороженная: > прочая баранина, замороженная: > туши и полутуши",from_file
0204421000,item,02044210,передние четвертины короткого разруба,"Баранина или козлятина свежая, охлажденная или замороженная: > прочая баранина, замороженная: > прочие отруба, необваленные: > передние четвертины короткого разруба",from_file
0204423000,item,02044230,хребтовые края спинной части и/или почечные части,"Баранина или козлятина свежая, охлажденная или замороженная: > прочая баранина, замороженная: > прочие отруба, необваленные: > хребтовые края спинной части и/или почечные части",from_file
0204425000,item,02044250,тазобедренные части с голяшкой,"Баранина или козлятина свежая, охлажденная или замороженная: > прочая баранина, замороженная: > прочие отруба, необваленные: > тазобедренные части с голяшкой",from_file
0204429000,item,02044290,прочие,"Баранина или козлятина свежая, охлажденная или замороженная: > прочая баранина, замороженная: > прочие отруба, необваленные: > прочие",from_file
0204431000,item,02044310,ягнят,мясо обваленное: > ягнят,from_file
0204439000,item,02044390,прочее,мясо обваленное: > прочее,from_file
0204501100,item,02045011,туши и полутуши,свежая или охлажденная: > туши и полутуши,from_file
0204501300,item,02045013,передние четвертины короткого разруба,свежая или охлажденная: > передние четвертины короткого разруба,from_file
0204501500,item,02045015,хребтовые края спинной части и/или почечные части,свежая или охлажденная: > хребтовые края спинной части и/или почечные части,from_file
0204501900,item,02045019,тазобедренные части с голяшкой,свежая или охлажденная: > тазобедренные части с голяшкой,from_file
0204503100,item,02045031,отруба необваленные,свежая или охлажденная: > прочая: > отруба необваленные,from_file
0204503900,item,02045039,мясо обваленное,свежая или охлажденная: > прочая: > мясо обваленное,from_file
0204505100,item,02045051,туши и полутуши,замороженная: > туши и полутуши,from_file
0204505300,item,02045053,передние четвертины короткого разруба,замороженная: > передние четвертины короткого разруба,from_file
0204505500,item,02045055,хребтовые края спинной части и/или почечные части,замороженная: > хребтовые края спинной части и/или почечные части,from_file
0204505900,item,02045059,тазобедренные части с голяшкой,замороженная: > тазобедренные части с голяшкой,from_file
0204507100,item,02045071,отруба необваленные,замороженная: > прочая: > отруба необваленные,from_file
0204507900,item,02045079,мясо обваленное,замороженная: > прочая: > мясо обваленное,from_file
0205002000,item,02050020,свежее или охлажденное,"Мясо лошадей, ослов, мулов или лошаков, свежее, охлажденное или замороженное: > свежее или охлажденное",from_file
0205008000,item,02050080,замороженное,"Мясо лошадей, ослов, мулов или лошаков, свежее, охлажденное или замороженное: > замороженное",from_file
0206101000,item,02061010,для производства фармацевтической продукции,"крупного рогатого скота, свежие или охлажденные: > для производства фармацевтической продукции",from_file
0206109500,item,02061095,толстая диафрагма и тонкая диафрагма,"крупного рогатого скота, свежие или охлажденные: > прочие: > толстая диафрагма и тонкая диафрагма",from_file
0206109800,item,02061098,прочие,"крупного рогатого скота, свежие или охлажденные: > прочие: > прочие",from_file
0206210000,item,02062100,языки,"крупного рогатого скота, замороженные: > языки",from_file
0206220001,item,02062200,для производства фармацевтической продукции,печень: > для производства фармацевтической продукции,from_file
0206220009,item,02062200,прочая,печень: > прочая,from_file
0206291000,item,02062910,для производства фармацевтической продукции,"крупного рогатого скота, замороженные: > прочие: > для производства фармацевтической продукции",from_file
0206299100,item,02062991,толстая диафрагма и тонкая диафрагма,"крупного рогатого скота, замороженные: > прочие: > прочие: > толстая диафрагма и тонкая диафрагма",from_file
0206299900,item,02062999,прочие,"крупного рогатого скота, замороженные: > прочие: > прочие: > прочие",from_file
0206300001,item,02063000,для производства фармацевтической продукции,печень: > для производства фармацевтической продукции,from_file
0206300002,item,02063000,прочая,печень: > прочая,from_file
0206300003,item,02063000,для производства фармацевтической продукции,"свиней, свежие или охлажденные: > прочие: > для производства фармацевтической продукции",from_file
0206300004,item,02063000,прочие,"свиней, свежие или охлажденные: > прочие: > прочие",from_file
0206410001,item,02064100,для производства фармацевтической продукции,печень: > для производства фармацевтической продукции,from_file
0206410009,item,02064100,прочая,печень: > прочая,from_file
0206490001,item,02064900,для производства фармацевтической продукции,"свиней, замороженные: > прочие: > для производства фармацевтической продукции",from_file
0206490002,item,02064900,домашних свиней,"свиней, замороженные: > прочие: > прочие: > домашних свиней",from_file
0206490008,item,02064900,прочие,"свиней, замороженные: > прочие: > прочие: > прочие",from_file
0206801000,item,02068010,для производства фармацевтической продукции,"Пищевые субпродукты крупного рогатого скота, свиней, овец, коз, лошадей, ослов, мулов или лошаков, свежие, охлажденные или замороженные: > свежие или охлажденные прочие: > для производства фармацевтической продукции",from_file
0206809100,item,02068091,"лошадей, ослов, мулов и лошаков","Пищевые субпродукты крупного рогатого скота, свиней, овец, коз, лошадей, ослов, мулов или лошаков, свежие, охлажденные или замороженные: > свежие или охлажденные прочие: > прочие: > лошадей, ослов, мулов и лошаков",from_file
0206809900,item,02068099,овец и коз,"Пищевые субпродукты крупного рогатого скота, свиней, овец, коз, лошадей, ослов, мулов или лошаков, свежие, охлажденные или замороженные: > свежие или охлажденные прочие: > прочие: > овец и коз",from_file
0206901000,item,02069010,для производства фармацевтической продукции,замороженные прочие: > для производства фармацевтической продукции,from_file
0206909100,item,02069091,"лошадей, ослов, мулов и лошаков","замороженные прочие: > прочие: > лошадей, ослов, мулов и лошаков",from_file
0206909900,item,02069099,овец и коз,замороженные прочие: > прочие: > овец и коз,from_file
0207111001,item,02071110,"в порядке, указанном в дополнительном примечании Евразийского экономического союза 4 к группе 02","ощипанные и без кишок, с головой и плюснами ног, представленные как ""83%-ные цыплята"": > в порядке, указанном в дополнительном примечании Евразийского экономического союза 4 к группе 02",from_file
0207111009,item,02071110,прочие,"ощипанные и без кишок, с головой и плюснами ног, представленные как ""83%-ные цыплята"": > прочие",from_file
0207113001,item,02071130,"в порядке, указанном в дополнительном примечании Евразийского экономического союза 4 к группе 02","ощипанные и потрошеные, без головы и плюсен ног, но с шейкой, сердцем, печенью и мускульным желудком, представленные как ""70%-ные цыплята"": > в порядке, указанном в дополнительном примечании Евразийского экономического союза 4 к группе 02",from_file
0207113009,item,02071130,прочие,"ощипанные и потрошеные, без головы и плюсен ног, но с шейкой, сердцем, печенью и мускульным желудком, представленные как ""70%-ные цыплята"": > прочие",from_file
0207119001,item,02071190,"в порядке, указанном в дополнительном примечании Евразийского экономического союза 4 к группе 02","ощипанные и потрошеные, без головы и плюсен ног и без шейки, сердца, печени и мускульного желудка, представленные как ""65%-ные цыплята"", или представленные в какой-либо другой разделке: > в порядке, указанном в дополнительном примечании Евразийского экономического союза 4 к группе 02",from_file
0207119009,item,02071190,прочие,"ощипанные и потрошеные, без головы и плюсен ног и без шейки, сердца, печени и мускульного желудка, представленные как ""65%-ные цыплята"", или представленные в какой-либо другой разделке: > прочие",from_file
0207121001,item,02071210,"в порядке, указанном в дополнительном примечании Евразийского экономического союза 4 к группе 02","ощипанные и потрошеные, без головы и плюсен ног, но с шейкой, сердцем, печенью и мускульным желудком, представленные как ""70%-ные цыплята"": > в порядке, указанном в дополнительном примечании Евразийского экономического союза 4 к группе 02",from_file
0207121009,item,02071210,прочие,"ощипанные и потрошеные, без головы и плюсен ног, но с шейкой, сердцем, печенью и мускульным желудком, представленные как ""70%-ные цыплята"": > прочие",from_file
0207129001,item,02071290,"в порядке, указанном в дополнительном примечании Евразийского экономического союза 4 к группе 02","ощипанные и потрошеные, без головы и плюсен ног и без шейки, сердца, печени и мускульного желудка, представленные как ""65%-ные цыплята"", или представленные в какой-либо другой разделке: > в порядке, указанном в дополнительном примечании Евразийского экономического союза 4 к группе 02",from_file
0207129009,item,02071290,прочие,"ощипанные и потрошеные, без головы и плюсен ног и без шейки, сердца, печени и мускульного желудка, представленные как ""65%-ные цыплята"", или представленные в какой-либо другой разделке: > прочие",from_file
0207131001,item,02071310,"в порядке, указанном в дополнительном примечании Евразийского экономического союза 4 к группе 02","мясо обваленное: > в порядке, указанном в дополнительном примечании Евразийского экономического союза 4 к группе 02",from_file
0207131009,item,02071310,прочее,мясо обваленное: > прочее,from_file
0207132001,item,02071320,"в порядке, указанном в дополнительном примечании Евразийского экономического союза 4 к группе 02","половины или четвертины: > в порядке, указанном в дополнительном примечании Евразийского экономического союза 4 к группе 02",from_file
0207132009,item,02071320,прочие,половины или четвертины: > прочие,from_file
0207133001,item,02071330,"в порядке, указанном в дополнительном примечании Евразийского экономического союза 4 к группе 02","крылья целые, с тонким концом или без него: > в порядке, указанном в дополнительном примечании Евразийского экономического союза 4 к группе 02",from_file
0207133009,item,02071330,прочие,"крылья целые, с тонким концом или без него: > прочие",from_file
0207134001,item,02071340,"в порядке, указанном в дополнительном примечании Евразийского экономического союза 4 к группе 02","спинки, шейки, спинки вместе с шейкой, гузки и тонкие концы крыльев: > в порядке, указанном в дополнительном примечании Евразийского экономического союза 4 к группе 02",from_file
0207134009,item,02071340,прочие,"спинки, шейки, спинки вместе с шейкой, гузки и тонкие концы крыльев: > прочие",from_file
0207135001,item,02071350,"в порядке, указанном в дополнительном примечании Евразийского экономического союза 4 к группе 02","грудки и куски из них: > в порядке, указанном в дополнительном примечании Евразийского экономического союза 4 к группе 02",from_file
0207135009,item,02071350,прочие,грудки и куски из них: > прочие,from_file
0207136001,item,02071360,"в порядке, указанном в дополнительном примечании Евразийского экономического союза 4 к группе 02","ножки и куски из них: > в порядке, указанном в дополнительном примечании Евразийского экономического союза 4 к группе 02",from_file
0207136009,item,02071360,прочие,ножки и куски из них: > прочие,from_file
0207137001,item,02071370,"в порядке, указанном в дополнительном примечании Евразийского экономического союза 4 к группе 02","необваленные: > прочие: > в порядке, указанном в дополнительном примечании Евразийского экономического союза 4 к группе 02",from_file
0207137009,item,02071370,прочие,необваленные: > прочие: > прочие,from_file
0207139101,item,02071391,"в порядке, указанном в дополнительном примечании Евразийского экономического союза 4 к группе 02","печень: > в порядке, указанном в дополнительном примечании Евразийского экономического союза 4 к группе 02",from_file
0207139109,item,02071391,прочая,печень: > прочая,from_file
0207139901,item,02071399,"в порядке, указанном в дополнительном примечании Евразийского экономического союза 4 к группе 02","субпродукты: > прочие: > в порядке, указанном в дополнительном примечании Евразийского экономического союза 4 к группе 02",from_file
0207139909,item,02071399,прочие,субпродукты: > прочие: > прочие,from_file
0207141001,item,02071410,"в порядке, указанном в дополнительном примечании Евразийского экономического союза 4 к группе 02","мясо обваленное: > в порядке, указанном в дополнительном примечании Евразийского экономического союза 4 к группе 02",from_file
0207141009,item,02071410,прочее,мясо обваленное: > прочее,from_file
0207142001,item,02071420,"в порядке, указанном в дополнительном примечании Евразийского экономического союза 4 к группе 02","половины или четвертины: > в порядке, указанном в дополнительном примечании Евразийского экономического союза 4 к группе 02",from_file
0207142009,item,02071420,прочие,половины или четвертины: > прочие,from_file
0207143001,item,02071430,"в порядке, указанном в дополнительном примечании Евразийского экономического союза 4 к группе 02","крылья целые, с тонким концом или без него: > в порядке, указанном в дополнительном примечании Евразийского экономического союза 4 к группе 02",from_file
0207143009,item,02071430,прочие,"крылья целые, с тонким концом или без него: > прочие",from_file
0207144001,item,02071440,"в порядке, указанном в дополнительном примечании Евразийского экономического союза 4 к группе 02","спинки, шейки, спинки вместе с шейкой, гузки и тонкие концы крыльев: > в порядке, указанном в дополнительном примечании Евразийского экономического союза 4 к группе 02",from_file
0207144009,item,02071440,прочие,"спинки, шейки, спинки вместе с шейкой, гузки и тонкие концы крыльев: > прочие",from_file
0207145001,item,02071450,"в порядке, указанном в дополнительном примечании Евразийского экономического союза 4 к группе 02","грудки и куски из них: > в порядке, указанном в дополнительном примечании Евразийского экономического союза 4 к группе 02",from_file
0207145009,item,02071450,прочие,грудки и куски из них: > прочие,from_file
0207146001,item,02071460,"в порядке, указанном в дополнительном примечании Евразийского экономического союза 4 к группе 02","ножки и куски из них: > в порядке, указанном в дополнительном примечании Евразийского экономического союза 4 к группе 02",from_file
0207146009,item,02071460,прочие,ножки и куски из них: > прочие,from_file
0207147001,item,02071470,"в порядке, указанном в дополнительном примечании Евразийского экономического союза 4 к группе 02","необваленные: > прочие: > в порядке, указанном в дополнительном примечании Евразийского экономического союза 4 к группе 02",from_file
0207147009,item,02071470,прочие,необваленные: > прочие: > прочие,from_file
0207149101,item,02071491,"в порядке, указанном в дополнительном примечании Евразийского экономического союза 4 к группе 02","печень: > в порядке, указанном в дополнительном примечании Евразийского экономического союза 4 к группе 02",from_file
0207149109,item,02071491,прочая,печень: > прочая,from_file
0207149901,item,02071499,"в порядке, указанном в дополнительном примечании Евразийского экономического союза 4 к группе 02","субпродукты: > прочие: > в порядке, указанном в дополнительном примечании Евразийского экономического союза 4 к группе 02",from_file
0207149909,item,02071499,прочие,субпродукты: > прочие: > прочие,from_file
0207241001,item,02072410,"в порядке, указанном в дополнительном примечании Евразийского экономического союза 4 к группе 02","ощипанные и потрошеные, без головы и плюсен ног, но с шейкой, сердцем, печенью и мускульным желудком, представленные как ""80%-ные индейки"": > в порядке, указанном в дополнительном примечании Евразийского экономического союза 4 к группе 02",from_file
0207241009,item,02072410,прочие,"ощипанные и потрошеные, без головы и плюсен ног, но с шейкой, сердцем, печенью и мускульным желудком, представленные как ""80%-ные индейки"": > прочие",from_file
0207249001,item,02072490,"в порядке, указанном в дополнительном примечании Евразийского экономического союза 4 к группе 02","ощипанные и потрошеные, без головы и плюсен ног, без шейки, сердца, печени и мускульного желудка, представленные как ""73%-ные индейки"", или представленные в какой-либо другой разделке: > в порядке, указанном в дополнительном примечании Евразийского экономического союза 4 к группе 02",from_file
0207249009,item,02072490,прочие,"ощипанные и потрошеные, без головы и плюсен ног, без шейки, сердца, печени и мускульного желудка, представленные как ""73%-ные индейки"", или представленные в какой-либо другой разделке: > прочие",from_file
0207251001,item,02072510,"в порядке, указанном в дополнительном примечании Евразийского экономического союза 4 к группе 02","ощипанные и потрошеные, без головы и плюсен ног, но с шейкой, сердцем, печенью и мускульным желудком, представленные как ""80% - ные индейки"": > в порядке, указанном в дополнительном примечании Евразийского экономического союза 4 к группе 02",from_file
0207251009,item,02072510,прочие,"ощипанные и потрошеные, без головы и плюсен ног, но с шейкой, сердцем, печенью и мускульным желудком, представленные как ""80% - ные индейки"": > прочие",from_file
0207259001,item,02072590,"в порядке, указанном в дополнительном примечании Евразийского экономического союза 4 к группе 02","ощипанные и потрошеные, без головы и плюсен ног, без шейки, сердца, печени и мускульного желудка, представленные как ""73% - ные индейки"", или представленные в какой - либо другой разделке: > в порядке, указанном в дополнительном примечании Евразийского экономического союза 4 к группе 02",from_file
0207259009,item,02072590,прочие,"ощипанные и потрошеные, без головы и плюсен ног, без шейки, сердца, печени и мускульного желудка, представленные как ""73% - ные индейки"", или представленные в какой - либо другой разделке: > прочие",from_file
0207261001,item,02072610,"в порядке, указанном в дополнительном примечании Евразийского экономического союза 4 к группе 02","мясо обваленное: > в порядке, указанном в дополнительном примечании Евразийского экономического союза 4 к группе 02",from_file
0207261009,item,02072610,прочее,мясо обваленное: > прочее,from_file
0207262001,item,02072620,"в порядке, указанном в дополнительном примечании Евразийского экономического союза 4 к группе 02","половины или четвертины: > в порядке, указанном в дополнительном примечании Евразийского экономического союза 4 к группе 02",from_file
0207262009,item,02072620,прочие,половины или четвертины: > прочие,from_file
0207263001,item,02072630,"в порядке, указанном в дополнительном примечании Евразийского экономического союза 4 к группе 02","крылья целые, с тонким концом или без него: > в порядке, указанном в дополнительном примечании Евразийского экономического союза 4 к группе 02",from_file
0207263009,item,02072630,прочие,"крылья целые, с тонким концом или без него: > прочие",from_file
0207264001,item,02072640,"в порядке, указанном в дополнительном примечании Евразийского экономического союза 4 к группе 02","спинки, шейки, спинки вместе с шейкой, гузки и тонкие концы крыльев: > в порядке, указанном в дополнительном примечании Евразийского экономического союза 4 к группе 02",from_file
0207264009,item,02072640,прочие,"спинки, шейки, спинки вместе с шейкой, гузки и тонкие концы крыльев: > прочие",from_file
0207265001,item,02072650,"в порядке, указанном в дополнительном примечании Евразийского экономического союза 4 к группе 02","грудки и куски из них: > в порядке, указанном в дополнительном примечании Евразийского экономического союза 4 к группе 02",from_file
0207265009,item,02072650,прочие,грудки и куски из них: > прочие,from_file
0207266001,item,02072660,"в порядке, указанном в дополнительном примечании Евразийского экономического союза 4 к группе 02","голени и куски из них: > в порядке, указанном в дополнительном примечании Евразийского экономического союза 4 к группе 02",from_file
0207266009,item,02072660,прочие,голени и куски из них: > прочие,from_file
0207267001,item,02072670,"в порядке, указанном в дополнительном примечании Евразийского экономического союза 4 к группе 02","ножки и куски из них: > прочие: > в порядке, указанном в дополнительном примечании Евразийского экономического союза 4 к группе 02",from_file
0207267009,item,02072670,прочие,ножки и куски из них: > прочие: > прочие,from_file
0207268001,item,02072680,"в порядке, указанном в дополнительном примечании Евразийского экономического союза 4 к группе 02","необваленные: > прочие: > в порядке, указанном в дополнительном примечании Евразийского экономического союза 4 к группе 02",from_file
0207268009,item,02072680,прочие,необваленные: > прочие: > прочие,from_file
0207269101,item,02072691,"в порядке, указанном в дополнительном примечании Евразийского экономического союза 4 к группе 02","печень: > в порядке, указанном в дополнительном примечании Евразийского экономического союза 4 к группе 02",from_file
0207269109,item,02072691,прочая,печень: > прочая,from_file
0207269901,item,02072699,"в порядке, указанном в дополнительном примечании Евразийского экономического союза 4 к группе 02","субпродукты: > прочие: > в порядке, указанном в дополнительном примечании Евразийского экономического союза 4 к группе 02",from_file
0207269909,item,02072699,прочие,субпродукты: > прочие: > прочие,from_file
0207271001,item,02072710,"в порядке, указанном в дополнительном примечании Евразийского экономического союза 4 к группе 02","мясо обваленное: > в порядке, указанном в дополнительном примечании Евразийского экономического союза 4 к группе 02",from_file
0207271009,item,02072710,прочее,мясо обваленное: > прочее,from_file
0207272001,item,02072720,"в порядке, указанном в дополнительном примечании Евразийского экономического союза 4 к группе 02","половины или четвертины: > в порядке, указанном в дополнительном примечании Евразийского экономического союза 4 к группе 02",from_file
0207272009,item,02072720,прочие,половины или четвертины: > прочие,from_file
0207273001,item,02072730,"в порядке, указанном в дополнительном примечании Евразийского экономического союза 4 к группе 02","крылья целые, с тонким концом или без него: > в порядке, указанном в дополнительном примечании Евразийского экономического союза 4 к группе 02",from_file
0207273009,item,02072730,прочие,"крылья целые, с тонким концом или без него: > прочие",from_file
0207274001,item,02072740,"в порядке, указанном в дополнительном примечании Евразийского экономического союза 4 к группе 02","спинки, шейки, спинки вместе с шейкой, гузки и тонкие концы крыльев: > в порядке, указанном в дополнительном примечании Евразийского экономического союза 4 к группе 02",from_file
0207274009,item,02072740,прочие,"спинки, шейки, спинки вместе с шейкой, гузки и тонкие концы крыльев: > прочие",from_file
0207275001,item,02072750,"в порядке, указанном в дополнительном примечании Евразийского экономического союза 4 к группе 02","грудки и куски из них: > в порядке, указанном в дополнительном примечании Евразийского экономического союза 4 к группе 02",from_file
0207275009,item,02072750,прочие,грудки и куски из них: > прочие,from_file
0207276001,item,02072760,"в порядке, указанном в дополнительном примечании Евразийского экономического союза 4 к группе 02","голени и куски из них: > в порядке, указанном в дополнительном примечании Евразийского экономического союза 4 к группе 02",from_file
0207276009,item,02072760,прочие,голени и куски из них: > прочие,from_file
0207277001,item,02072770,"в порядке, указанном в дополнительном примечании Евразийского экономического союза 4 к группе 02","ножки и куски из них: > прочие: > в порядке, указанном в дополнительном примечании Евразийского экономического союза 4 к группе 02",from_file
0207277009,item,02072770,прочие,ножки и куски из них: > прочие: > прочие,from_file
0207278001,item,02072780,"в порядке, указанном в дополнительном примечании Евразийского экономического союза 4 к группе 02","необваленные: > прочие: > в порядке, указанном в дополнительном примечании Евразийского экономического союза 4 к группе 02",from_file
0207278009,item,02072780,прочие,необваленные: > прочие: > прочие,from_file
0207279101,item,02072791,"в порядке, указанном в дополнительном примечании Евразийского экономического союза 4 к группе 02","печень: > в порядке, указанном в дополнительном примечании Евразийского экономического союза 4 к группе 02",from_file
0207279109,item,02072791,прочая,печень: > прочая,from_file
0207279901,item,02072799,"в порядке, указанном в дополнительном примечании Евразийского экономического союза 4 к группе 02","субпродукты: > прочие: > в порядке, указанном в дополнительном примечании Евразийского экономического союза 4 к группе 02",from_file
0207279909,item,02072799,прочие,субпродукты: > прочие: > прочие,from_file
0207412001,item,02074120,"в порядке, указанном в дополнительном примечании Евразийского экономического союза 4 к группе 02","ощипанные, обескровленные, без кишок, но не потрошеные, с головой и плюснами ног, представленные как ""85%-ные утки"": > в порядке, указанном в дополнительном примечании Евразийского экономического союза 4 к группе 02",from_file
0207412009,item,02074120,прочие,"ощипанные, обескровленные, без кишок, но не потрошеные, с головой и плюснами ног, представленные как ""85%-ные утки"": > прочие",from_file
0207413001,item,02074130,"в порядке, указанном в дополнительном примечании Евразийского экономического союза 4 к группе 02","ощипанные и потрошеные, без головы и плюсен ног, но с шейкой, сердцем, печенью и мускульным желудком, представленные как ""70%-ные утки"": > в порядке, указанном в дополнительном примечании Евразийского экономического союза 4 к группе 02",from_file
0207413009,item,02074130,прочие,"ощипанные и потрошеные, без головы и плюсен ног, но с шейкой, сердцем, печенью и мускульным желудком, представленные как ""70%-ные утки"": > прочие",from_file
0207418001,item,02074180,"в порядке, указанном в дополнительном примечании Евразийского экономического союза 4 к группе 02","ощипанные и потрошеные, без головы и плюсен ног, без шейки, сердца, печени и мускульного желудка, представленные как ""63%-ные утки"", или представленные в какой-либо другой разделке: > в порядке, указанном в дополнительном примечании Евразийского экономического союза 4 к группе 02",from_file
0207418009,item,02074180,прочие,"ощипанные и потрошеные, без головы и плюсен ног, без шейки, сердца, печени и мускульного желудка, представленные как ""63%-ные утки"", или представленные в какой-либо другой разделке: > прочие",from_file
0207423001,item,02074230,"в порядке, указанном в дополнительном примечании Евразийского экономического союза 4 к группе 02","ощипанные и потрошеные, без головы и плюсен ног, но с шейкой, сердцем, печенью и мускульным желудком, представленные как ""70%-ные утки"": > в порядке, указанном в дополнительном примечании Евразийского экономического союза 4 к группе 02",from_file
0207423009,item,02074230,прочие,"ощипанные и потрошеные, без головы и плюсен ног, но с шейкой, сердцем, печенью и мускульным желудком, представленные как ""70%-ные утки"": > прочие",from_file
0207428001,item,02074280,"в порядке, указанном в дополнительном примечании Евразийского экономического союза 4 к группе 02","ощипанные и потрошеные, без головы и плюсен ног, без шейки, сердца, печени и мускульного желудка, представленные как ""63%-ные утки"", или представленные в какой-либо другой разделке: > в порядке, указанном в дополнительном примечании Евразийского экономического союза 4 к группе 02",from_file
0207428009,item,02074280,прочие,"ощипанные и потрошеные, без головы и плюсен ног, без шейки, сердца, печени и мускульного желудка, представленные как ""63%-ные утки"", или представленные в какой-либо другой разделке: > прочие",from_file
0207430001,item,02074300,"в порядке, указанном в дополнительном примечании Евразийского экономического союза 4 к группе 02","жирная печень, свежая или охлажденная: > в порядке, указанном в дополнительном примечании Евразийского экономического союза 4 к группе 02",from_file
0207430009,item,02074300,прочая,"жирная печень, свежая или охлажденная: > прочая",from_file
0207441001,item,02074410,"в порядке, указанном в дополнительном примечании Евразийского экономического союза 4 к группе 02","мясо обваленное: > в порядке, указанном в дополнительном примечании Евразийского экономического союза 4 к группе 02",from_file
0207441009,item,02074410,прочее,мясо обваленное: > прочее,from_file
0207442101,item,02074421,"в порядке, указанном в дополнительном примечании Евразийского экономического союза 4 к группе 02","половины или четвертины: > в порядке, указанном в дополнительном примечании Евразийского экономического союза 4 к группе 02",from_file
0207442109,item,02074421,прочие,половины или четвертины: > прочие,from_file
0207443101,item,02074431,"в порядке, указанном в дополнительном примечании Евразийского экономического союза 4 к группе 02","крылья целые, с тонким концом или без него: > в порядке, указанном в дополнительном примечании Евразийского экономического союза 4 к группе 02",from_file
0207443109,item,02074431,прочие,"крылья целые, с тонким концом или без него: > прочие",from_file
0207444101,item,02074441,"в порядке, указанном в дополнительном примечании Евразийского экономического союза 4 к группе 02","спинки, шейки, спинки вместе с шейкой, гузки и тонкие концы крыльев: > в порядке, указанном в дополнительном примечании Евразийского экономического союза 4 к группе 02",from_file
0207444109,item,02074441,прочие,"спинки, шейки, спинки вместе с шейкой, гузки и тонкие концы крыльев: > прочие",from_file
0207445101,item,02074451,"в порядке, указанном в дополнительном примечании Евразийского экономического союза 4 к группе 02","грудки и куски из них: > в порядке, указанном в дополнительном примечании Евразийского экономического союза 4 к группе 02",from_file
0207445109,item,02074451,прочие,грудки и куски из них: > прочие,from_file
0207446101,item,02074461,"в порядке, указанном в дополнительном примечании Евразийского экономического союза 4 к группе 02","ножки и куски из них: > в порядке, указанном в дополнительном примечании Евразийского экономического союза 4 к группе 02",from_file
0207446109,item,02074461,прочие,ножки и куски из них: > прочие,from_file
0207447101,item,02074471,"в порядке, указанном в дополнительном примечании Евразийского экономического союза 4 к группе 02","палетоты: > в порядке, указанном в дополнительном примечании Евразийского экономического союза 4 к группе 02",from_file
0207447109,item,02074471,прочие,палетоты: > прочие,from_file
0207448101,item,02074481,"в порядке, указанном в дополнительном примечании Евразийского экономического союза 4 к группе 02","необваленные: > прочие: > в порядке, указанном в дополнительном примечании Евразийского экономического союза 4 к группе 02",from_file
0207448109,item,02074481,прочие,необваленные: > прочие: > прочие,from_file
0207449101,item,02074491,"в порядке, указанном в дополнительном примечании Евразийского экономического союза 4 к группе 02","печень, кроме жирной: > в порядке, указанном в дополнительном примечании Евразийского экономического союза 4 к группе 02",from_file
0207449109,item,02074491,прочая,"печень, кроме жирной: > прочая",from_file
0207449901,item,02074499,"в порядке, указанном в дополнительном примечании Евразийского экономического союза 4 к группе 02","субпродукты: > прочие: > в порядке, указанном в дополнительном примечании Евразийского экономического союза 4 к группе 02",from_file
0207449909,item,02074499,прочие,субпродукты: > прочие: > прочие,from_file
0207451001,item,02074510,"в порядке, указанном в дополнительном примечании Евразийского экономического союза 4 к группе 02","мясо обваленное: > в порядке, указанном в дополнительном примечании Евразийского экономического союза 4 к группе 02",from_file
0207451009,item,02074510,прочее,мясо обваленное: > прочее,from_file
0207452101,item,02074521,"в порядке, указанном в дополнительном примечании Евразийского экономического союза 4 к группе 02","половины или четвертины: > в порядке, указанном в дополнительном примечании Евразийского экономического союза 4 к группе 02",from_file
0207452109,item,02074521,прочие,половины или четвертины: > прочие,from_file
0207453101,item,02074531,"в порядке, указанном в дополнительном примечании Евразийского экономического союза 4 к группе 02","крылья целые, с тонким концом или без него: > в порядке, указанном в дополнительном примечании Евразийского экономического союза 4 к группе 02",from_file
0207453109,item,02074531,прочие,"крылья целые, с тонким концом или без него: > прочие",from_file
0207454101,item,02074541,"в порядке, указанном в дополнительном примечании Евразийского экономического союза 4 к группе 02","спинки, шейки, спинки вместе с шейкой, гузки и тонкие концы крыльев: > в порядке, указанном в дополнительном примечании Евразийского экономического союза 4 к группе 02",from_file
0207454109,item,02074541,прочие,"спинки, шейки, спинки вместе с шейкой, гузки и тонкие концы крыльев: > прочие",from_file
0207455101,item,02074551,"в порядке, указанном в дополнительном примечании Евразийского экономического союза 4 к группе 02","грудки и куски из них: > в порядке, указанном в дополнительном примечании Евразийского экономического союза 4 к группе 02",from_file
0207455109,item,02074551,прочие,грудки и куски из них: > прочие,from_file
0207456101,item,02074561,"в порядке, указанном в дополнительном примечании Евразийского экономического союза 4 к группе 02","ножки и куски из них: > в порядке, указанном в дополнительном примечании Евразийского экономического союза 4 к группе 02",from_file
0207456109,item,02074561,прочие,ножки и куски из них: > прочие,from_file
0207457101,item,02074571,"в порядке, указанном в дополнительном примечании Евразийского экономического союза 4 к группе 02","палетоты: > в порядке, указанном в дополнительном примечании Евразийского экономического союза 4 к группе 02",from_file
0207457109,item,02074571,прочие,палетоты: > прочие,from_file
0207458101,item,02074581,"в порядке, указанном в дополнительном примечании Евразийского экономического союза 4 к группе 02","необваленные: > прочие: > в порядке, указанном в дополнительном примечании Евразийского экономического союза 4 к группе 02",from_file
0207458109,item,02074581,прочие,необваленные: > прочие: > прочие,from_file
0207459301,item,02074593,"в порядке, указанном в дополнительном примечании Евразийского экономического союза 4 к группе 02","жирная печень: > в порядке, указанном в дополнительном примечании Евразийского экономического союза 4 к группе 02",from_file
0207459309,item,02074593,прочая,жирная печень: > прочая,from_file
0207459501,item,02074595,"в порядке, указанном в дополнительном примечании Евразийского экономического союза 4 к группе 02","печень: > прочая: > в порядке, указанном в дополнительном примечании Евразийского экономического союза 4 к группе 02",from_file
0207459509,item,02074595,прочая,печень: > прочая: > прочая,from_file
0207459901,item,02074599,"в порядке, указанном в дополнительном примечании Евразийского экономического союза 4 к группе 02","субпродукты: > прочие: > в порядке, указанном в дополнительном примечании Евразийского экономического союза 4 к группе 02",from_file
0207459909,item,02074599,прочие,субпродукты: > прочие: > прочие,from_file
0207511001,item,02075110,"в порядке, указанном в дополнительном примечании Евразийского экономического союза 4 к группе 02","ощипанные, обескровленные, непотрошеные, с головой и плюснами ног, представленные как ""82%-ные гуси"": > в порядке, указанном в дополнительном примечании Евразийского экономического союза 4 к группе 02",from_file
0207511009,item,02075110,прочие,"ощипанные, обескровленные, непотрошеные, с головой и плюснами ног, представленные как ""82%-ные гуси"": > прочие",from_file
0207519001,item,02075190,"в порядке, указанном в дополнительном примечании Евразийского экономического союза 4 к группе 02","ощипанные и потрошеные, без головы и плюсен ног, с сердцем и мускульным желудком или без них, представленные как ""75%-ные гуси"", или представленные в какой-либо другой разделке: > в порядке, указанном в дополнительном примечании Евразийского экономического союза 4 к группе 02",from_file
0207519009,item,02075190,прочие,"ощипанные и потрошеные, без головы и плюсен ног, с сердцем и мускульным желудком или без них, представленные как ""75%-ные гуси"", или представленные в какой-либо другой разделке: > прочие",from_file
0207521001,item,02075210,"в порядке, указанном в дополнительном примечании Евразийского экономического союза 4 к группе 02","ощипанные, обескровленные, непотрошеные, с головой и плюснами ног, представленные как ""82%-ные гуси"": > в порядке, указанном в дополнительном примечании Евразийского экономического союза 4 к группе 02",from_file
0207521009,item,02075210,прочие,"ощипанные, обескровленные, непотрошеные, с головой и плюснами ног, представленные как ""82%-ные гуси"": > прочие",from_file
0207529001,item,02075290,"в порядке, указанном в дополнительном примечании Евразийского экономического союза 4 к группе 02","ощипанные и потрошеные, без головы и плюсен ног, c сердцем и мускульным желудком или без них, представленные как ""75%-ные гуси"", или представленные в какой-либо другой разделке: > в порядке, указанном в дополнительном примечании Евразийского экономического союза 4 к группе 02",from_file
0207529009,item,02075290,прочие,"ощипанные и потрошеные, без головы и плюсен ног, c сердцем и мускульным желудком или без них, представленные как ""75%-ные гуси"", или представленные в какой-либо другой разделке: > прочие",from_file
0207530001,item,02075300,"в порядке, указанном в дополнительном примечании Евразийского экономического союза 4 к группе 02","жирная печень, свежая или охлажденная: > в порядке, указанном в дополнительном примечании Евразийского экономического союза 4 к группе 02",from_file
0207530009,item,02075300,прочая,"жирная печень, свежая или охлажденная: > прочая",from_file
0207541001,item,02075410,"в порядке, указанном в дополнительном примечании Евразийского экономического союза 4 к группе 02","мясо обваленное: > в порядке, указанном в дополнительном примечании Евразийского экономического союза 4 к группе 02",from_file
0207541009,item,02075410,прочее,мясо обваленное: > прочее,from_file
0207542101,item,02075421,"в порядке, указанном в дополнительном примечании Евразийского экономического союза 4 к группе 02","половины или четвертины: > в порядке, указанном в дополнительном примечании Евразийского экономического союза 4 к группе 02",from_file
0207542109,item,02075421,прочие,половины или четвертины: > прочие,from_file
0207543101,item,02075431,"в порядке, указанном в дополнительном примечании Евразийского экономического союза 4 к группе 02","крылья целые, с тонким концом или без него: > в порядке, указанном в дополнительном примечании Евразийского экономического союза 4 к группе 02",from_file
0207543109,item,02075431,прочие,"крылья целые, с тонким концом или без него: > прочие",from_file
0207544101,item,02075441,"в порядке, указанном в дополнительном примечании Евразийского экономического союза 4 к группе 02","спинки, шейки, спинки вместе с шейкой, гузки и тонкие концы крыльев: > в порядке, указанном в дополнительном примечании Евразийского экономического союза 4 к группе 02",from_file
0207544109,item,02075441,прочие,"спинки, шейки, спинки вместе с шейкой, гузки и тонкие концы крыльев: > прочие",from_file
0207545101,item,02075451,"в порядке, указанном в дополнительном примечании Евразийского экономического союза 4 к группе 02","грудки и куски из них: > в порядке, указанном в дополнительном примечании Евразийского экономического союза 4 к группе 02",from_file
0207545109,item,02075451,прочие,грудки и куски из них: > прочие,from_file
0207546101,item,02075461,"в порядке, указанном в дополнительном примечании Евразийского экономического союза 4 к группе 02","ножки и куски из них: > в порядке, указанном в дополнительном примечании Евразийского экономического союза 4 к группе 02",from_file
0207546109,item,02075461,прочие,ножки и куски из них: > прочие,from_file
0207547101,item,02075471,"в порядке, указанном в дополнительном примечании Евразийского экономического союза 4 к группе 02","палетоты: > в порядке, указанном в дополнительном примечании Евразийского экономического союза 4 к группе 02",from_file
0207547109,item,02075471,прочие,палетоты: > прочие,from_file
0207548101,item,02075481,"в порядке, указанном в дополнительном примечании Евразийского экономического союза 4 к группе 02","необваленные: > прочие: > в порядке, указанном в дополнительном примечании Евразийского экономического союза 4 к группе 02",from_file
0207548109,item,02075481,прочие,необваленные: > прочие: > прочие,from_file
0207549101,item,02075491,"в порядке, указанном в дополнительном примечании Евразийского экономического союза 4 к группе 02","печень, кроме жирной: > в порядке, указанном в дополнительном примечании Евразийского экономического союза 4 к группе 02",from_file
0207549109,item,02075491,прочая,"печень, кроме жирной: > прочая",from_file
0207549901,item,02075499,"в порядке, указанном в дополнительном примечании Евразийского экономического союза 4 к группе 02","субпродукты: > прочие: > в порядке, указанном в дополнительном примечании Евразийского экономического союза 4 к группе 02",from_file
0207549909,item,02075499,прочие,субпродукты: > прочие: > прочие,from_file
0207551001,item,02075510,"в порядке, указанном в дополнительном примечании Евразийского экономического союза 4 к группе 02","мясо обваленное: > в порядке, указанном в дополнительном примечании Евразийского экономического союза 4 к группе 02",from_file
0207551009,item,02075510,прочее,мясо обваленное: > прочее,from_file
0207552101,item,02075521,"в порядке, указанном в дополнительном примечании Евразийского экономического союза 4 к группе 02","половины или четвертины: > в порядке, указанном в дополнительном примечании Евразийского экономического союза 4 к группе 02",from_file
0207552109,item,02075521,прочие,половины или четвертины: > прочие,from_file
0207553101,item,02075531,"в порядке, указанном в дополнительном примечании Евразийского экономического союза 4 к группе 02","крылья целые, с тонким концом или без него: > в порядке, указанном в дополнительном примечании Евразийского экономического союза 4 к группе 02",from_file
0207553109,item,02075531,прочие,"крылья целые, с тонким концом или без него: > прочие",from_file
0207554101,item,02075541,"в порядке, указанном в дополнительном примечании Евразийского экономического союза 4 к группе 02","спинки, шейки, спинки вместе с шейкой, гузки и тонкие концы крыльев: > в порядке, указанном в дополнительном примечании Евразийского экономического союза 4 к группе 02",from_file
0207554109,item,02075541,прочие,"спинки, шейки, спинки вместе с шейкой, гузки и тонкие концы крыльев: > прочие",from_file
0207555101,item,02075551,"в порядке, указанном в дополнительном примечании Евразийского экономического союза 4 к группе 02","грудки и куски из них: > в порядке, указанном в дополнительном примечании Евразийского экономического союза 4 к группе 02",from_file
0207555109,item,02075551,прочие,грудки и куски из них: > прочие,from_file
0207556101,item,02075561,"в порядке, указанном в дополнительном примечании Евразийского экономического союза 4 к группе 02","ножки и куски из них: > в порядке, указанном в дополнительном примечании Евразийского экономического союза 4 к группе 02",from_file
0207556109,item,02075561,прочие,ножки и куски из них: > прочие,from_file
0207557101,item,02075571,"в порядке, указанном в дополнительном примечании Евразийского экономического союза 4 к группе 02","палетоты: > в порядке, указанном в дополнительном примечании Евразийского экономического союза 4 к группе 02",from_file
0207557109,item,02075571,прочие,палетоты: > прочие,from_file
0207558101,item,02075581,"в порядке, указанном в дополнительном примечании Евразийского экономического союза 4 к группе 02","необваленные: > прочие: > в порядке, указанном в дополнительном примечании Евразийского экономического союза 4 к группе 02",from_file
0207558109,item,02075581,прочие,необваленные: > прочие: > прочие,from_file
0207559301,item,02075593,"в порядке, указанном в дополнительном примечании Евразийского экономического союза 4 к группе 02","жирная печень: > в порядке, указанном в дополнительном примечании Евразийского экономического союза 4 к группе 02",from_file
0207559309,item,02075593,прочая,жирная печень: > прочая,from_file
0207559501,item,02075595,"в порядке, указанном в дополнительном примечании Евразийского экономического союза 4 к группе 02","печень: > прочая: > в порядке, указанном в дополнительном примечании Евразийского экономического союза 4 к группе 02",from_file
0207559509,item,02075595,прочая,печень: > прочая: > прочая,from_file
0207559901,item,02075599,"в порядке, указанном в дополнительном примечании Евразийского экономического союза 4 к группе 02","субпродукты: > прочие: > в порядке, указанном в дополнительном примечании Евразийского экономического союза 4 к группе 02",from_file
0207559909,item,02075599,прочие,субпродукты: > прочие: > прочие,from_file
0207600501,item,02076005,"в порядке, указанном в дополнительном примечании Евразийского экономического союза 4 к группе 02","не разделенные на части, свежие, охлажденные или замороженные: > в порядке, указанном в дополнительном примечании Евразийского экономического союза 4 к группе 02",from_file
0207600509,item,02076005,прочие,"не разделенные на части, свежие, охлажденные или замороженные: > прочие",from_file
0207601001,item,02076010,"в порядке, указанном в дополнительном примечании Евразийского экономического союза 4 к группе 02","мясо обваленное: > в порядке, указанном в дополнительном примечании Евразийского экономического союза 4 к группе 02",from_file
0207601009,item,02076010,прочее,мясо обваленное: > прочее,from_file
0207602101,item,02076021,"в порядке, указанном в дополнительном примечании Евразийского экономического союза 4 к группе 02","половины или четвертины: > в порядке, указанном в дополнительном примечании Евразийского экономического союза 4 к группе 02",from_file
0207602109,item,02076021,прочие,половины или четвертины: > прочие,from_file
0207603101,item,02076031,"в порядке, указанном в дополнительном примечании Евразийского экономического союза 4 к группе 02","крылья целые, с тонким концом или без него: > в порядке, указанном в дополнительном примечании Евразийского экономического союза 4 к группе 02",from_file
0207603109,item,02076031,прочие,"крылья целые, с тонким концом или без него: > прочие",from_file
0207604101,item,02076041,"в порядке, указанном в дополнительном примечании Евразийского экономического союза 4 к группе 02","спинки, шейки, спинки вместе с шейкой, гузки и тонкие концы крыльев: > в порядке, указанном в дополнительном примечании Евразийского экономического союза 4 к группе 02",from_file
0207604109,item,02076041,прочие,"спинки, шейки, спинки вместе с шейкой, гузки и тонкие концы крыльев: > прочие",from_file
0207605101,item,02076051,"в порядке, указанном в дополнительном примечании Евразийского экономического союза 4 к группе 02","грудки и куски из них: > в порядке, указанном в дополнительном примечании Евразийского экономического союза 4 к группе 02",from_file
0207605109,item,02076051,прочие,грудки и куски из них: > прочие,from_file
0207606101,item,02076061,"в порядке, указанном в дополнительном примечании Евразийского экономического союза 4 к группе 02","ножки и куски из них: > в порядке, указанном в дополнительном примечании Евразийского экономического союза 4 к группе 02",from_file
0207606109,item,02076061,прочие,ножки и куски из них: > прочие,from_file
0207608101,item,02076081,"в порядке, указанном в дополнительном примечании Евразийского экономического союза 4 к группе 02","необваленные: > прочие: > в порядке, указанном в дополнительном примечании Евразийского экономического союза 4 к группе 02",from_file
0207608109,item,02076081,прочие,необваленные: > прочие: > прочие,from_file
0207609101,item,02076091,"в порядке, указанном в дополнительном примечании Евразийского экономического союза 4 к группе 02","печень: > в порядке, указанном в дополнительном примечании Евразийского экономического союза 4 к группе 02",from_file
0207609109,item,02076091,прочая,печень: > прочая,from_file
0207609901,item,02076099,"в порядке, указанном в дополнительном примечании Евразийского экономического союза 4 к группе 02","субпродукты: > прочие: > в порядке, указанном в дополнительном примечании Евразийского экономического союза 4 к группе 02",from_file
0207609909,item,02076099,прочие,субпродукты: > прочие: > прочие,from_file
0208101000,item,02081010,домашних кроликов,кроликов или зайцев: > домашних кроликов,from_file
0208109000,item,02081090,прочие,кроликов или зайцев: > прочие,from_file
0208300000,item,02083000,приматов,"Мясо и пищевые мясные субпродукты > Прочие мясо и пищевые мясные субпродукты, свежие, охлажденные или замороженные: > приматов",from_file
0208401000,item,02084010,мясо китов,"китов, дельфинов и морских свиней (млекопитающих отряда Cetacea); ламантинов и дюгоней (млекопитающих отряда Sirenia); тюленей, морских львов и моржей (млекопитающих подотряда Pinnipedia): > мясо китов",from_file
0208402000,item,02084020,мясо тюленей,"китов, дельфинов и морских свиней (млекопитающих отряда Cetacea); ламантинов и дюгоней (млекопитающих отряда Sirenia); тюленей, морских львов и моржей (млекопитающих подотряда Pinnipedia): > мясо тюленей",from_file
0208408000,item,02084080,прочие,"китов, дельфинов и морских свиней (млекопитающих отряда Cetacea); ламантинов и дюгоней (млекопитающих отряда Sirenia); тюленей, морских львов и моржей (млекопитающих подотряда Pinnipedia): > прочие",from_file
0208500000,item,02085000,рептилий (включая змей и черепах),"Мясо и пищевые мясные субпродукты > Прочие мясо и пищевые мясные субпродукты, свежие, охлажденные или замороженные: > рептилий (включая змей и черепах)",from_file
0208600000,item,02086000,верблюдов и прочих животных семейства верблюдовых (Camelidae),"Мясо и пищевые мясные субпродукты > Прочие мясо и пищевые мясные субпродукты, свежие, охлажденные или замороженные: > верблюдов и прочих животных семейства верблюдовых (Camelidae)",from_file
0208901000,item,02089010,домашних голубей,"Мясо и пищевые мясные субпродукты > Прочие мясо и пищевые мясные субпродукты, свежие, охлажденные или замороженные: > прочие: > домашних голубей",from_file
0208903000,item,02089030,"дичи, кроме кроликов или зайцев","Мясо и пищевые мясные субпродукты > Прочие мясо и пищевые мясные субпродукты, свежие, охлажденные или замороженные: > прочие: > дичи, кроме кроликов или зайцев",from_file
0208906000,item,02089060,северных оленей,"Мясо и пищевые мясные субпродукты > Прочие мясо и пищевые мясные субпродукты, свежие, охлажденные или замороженные: > прочие: > северных оленей",from_file
0208907000,item,02089070,лягушачьи лапки,"Мясо и пищевые мясные субпродукты > Прочие мясо и пищевые мясные субпродукты, свежие, охлажденные или замороженные: > прочие: > лягушачьи лапки",from_file
0208909800,item,02089098,прочие,"Мясо и пищевые мясные субпродукты > Прочие мясо и пищевые мясные субпродукты, свежие, охлажденные или замороженные: > прочие: > прочие",from_file
0209101100,item,02091011,"свежий, охлажденный, замороженный, соленый или в рассоле","подкожный свиной жир: > свежий, охлажденный, замороженный, соленый или в рассоле",from_file
0209101900,item,02091019,сушеный или копченый,подкожный свиной жир: > сушеный или копченый,from_file
0209109000,item,02091090,"свиной жир, кроме указанного в подсубпозиции 0209 10 110 0 или 0209 10 190 0","свиной: > свиной жир, кроме указанного в подсубпозиции 0209 10 110 0 или 0209 10 190 0",from_file
0209900000,item,02099000,прочий,"Свиной жир, отделенный от тощего мяса, и жир домашней птицы, не вытопленные или не извлеченные другим способом, свежие, охлажденные, замороженные, соленые, в рассоле, сушеные или копченые: > прочий",from_file
0210111100,item,02101111,окорока и отруба из них,соленые или в рассоле: > окорока и отруба из них,from_file
0210111900,item,02101119,лопатки и отруба из них,соленые или в рассоле: > лопатки и отруба из них,from_file
0210113100,item,02101131,окорока и отруба из них,сушеные или копченые: > окорока и отруба из них,from_file
0210113900,item,02101139,лопатки и отруба из них,сушеные или копченые: > лопатки и отруба из них,from_file
0210119000,item,02101190,прочие,"окорока, лопатки и отруба из них, необваленные: > прочие",from_file
0210121100,item,02101211,соленые или в рассоле,домашних свиней: > соленые или в рассоле,from_file
0210121900,item,02101219,сушеные или копченые,домашних свиней: > сушеные или копченые,from_file
0210129000,item,02101290,прочие,грудинки (стрики) и отруба из них: > прочие,from_file
0210191000,item,02101910,беконные половинки или спенсеры,соленые или в рассоле: > беконные половинки или спенсеры,from_file
0210192000,item,02101920,3/4 свиного бока или свиные серединки,соленые или в рассоле: > 3/4 свиного бока или свиные серединки,from_file
0210193000,item,02101930,передние края и отруба из них,соленые или в рассоле: > передние края и отруба из них,from_file
0210194000,item,02101940,корейки и отруба из них,соленые или в рассоле: > корейки и отруба из них,from_file
0210195000,item,02101950,прочие,соленые или в рассоле: > прочие,from_file
0210196000,item,02101960,передние края и отруба из них,сушеные или копченые: > передние края и отруба из них,from_file
0210197000,item,02101970,корейки и отруба из них,сушеные или копченые: > корейки и отруба из них,from_file
0210198100,item,02101981,мясо обваленное,сушеные или копченые: > прочие: > мясо обваленное,from_file
0210198900,item,02101989,прочие,сушеные или копченые: > прочие: > прочие,from_file
0210199000,item,02101990,прочие,свинина: > прочие: > прочие,from_file
0210201000,item,02102010,необваленное,мясо крупного рогатого скота: > необваленное,from_file
0210209000,item,02102090,мясо обваленное,мясо крупного рогатого скота: > мясо обваленное,from_file
0210910000,item,02109100,приматов,"Мясо и пищевые мясные субпродукты, соленые, в рассоле, сушеные или копченые; пищевая мука тонкого и грубого помола из мяса или мясных субпродуктов: > прочие, включая пищевую муку тонкого и грубого помола из мяса или мясных субпродуктов: > приматов",from_file
0210921000,item,02109210,"китов, дельфинов и морских свиней (млекопитающих отряда Cetacea); ламантинов и дюгоней (млекопитающих отряда Sirenia)","китов, дельфинов и морских свиней (млекопитающих отряда Cetacea); ламантинов и дюгоней (млекопитающих отряда Sirenia); тюленей, морских львов и моржей (млекопитающих подотряда Pinnipedia): > китов, дельфинов и морских свиней (млекопитающих отряда Cetacea); ламантинов и дюгоней (млекопитающих отряда Sirenia)",from_file
0210929100,item,02109291,мясо,"китов, дельфинов и морских свиней (млекопитающих отряда Cetacea); ламантинов и дюгоней (млекопитающих отряда Sirenia); тюленей, морских львов и моржей (млекопитающих подотряда Pinnipedia): > прочие: > мясо",from_file
0210929200,item,02109292,субпродукты,"китов, дельфинов и морских свиней (млекопитающих отряда Cetacea); ламантинов и дюгоней (млекопитающих отряда Sirenia); тюленей, морских львов и моржей (млекопитающих подотряда Pinnipedia): > прочие: > субпродукты",from_file
0210929900,item,02109299,пищевая мука тонкого и грубого помола из мяса или мясных субпродуктов,"китов, дельфинов и морских свиней (млекопитающих отряда Cetacea); ламантинов и дюгоней (млекопитающих отряда Sirenia); тюленей, морских львов и моржей (млекопитающих подотряда Pinnipedia): > прочие: > пищевая мука тонкого и грубого помола из мяса или мясных субпродуктов",from_file
0210930000,item,02109300,рептилий (включая змей и черепах),"Мясо и пищевые мясные субпродукты, соленые, в рассоле, сушеные или копченые; пищевая мука тонкого и грубого помола из мяса или мясных субпродуктов: > прочие, включая пищевую муку тонкого и грубого помола из мяса или мясных субпродуктов: > рептилий (включая змей и черепах)",from_file
0210991000,item,02109910,"лошадей соленое, в рассоле или сушеное","мясо: > лошадей соленое, в рассоле или сушеное",from_file
0210992100,item,02109921,необваленная,баранина и козлятина: > необваленная,from_file
0210992900,item,02109929,мясо обваленное,баранина и козлятина: > мясо обваленное,from_file
0210993100,item,02109931,северных оленей,мясо: > северных оленей,from_file
0210993900,item,02109939,прочих,мясо: > прочих,from_file
0210994100,item,02109941,печень,домашних свиней: > печень,from_file
0210994900,item,02109949,прочие,домашних свиней: > прочие,from_file
0210995100,item,02109951,толстая диафрагма и тонкая диафрагма,крупного рогатого скота: > толстая диафрагма и тонкая диафрагма,from_file
0210995900,item,02109959,прочие,крупного рогатого скота: > прочие,from_file
0210997100,item,02109971,"жирная печень гусей или уток, соленая или в рассоле","печень домашней птицы: > жирная печень гусей или уток, соленая или в рассоле",from_file
0210997900,item,02109979,прочая,печень домашней птицы: > прочая,from_file
0210998500,item,02109985,прочие,субпродукты: > прочие: > прочие,from_file
0210999000,item,02109990,пищевая мука тонкого и грубого помола из мяса или мясных субпродуктов,"Мясо и пищевые мясные субпродукты, соленые, в рассоле, сушеные или копченые; пищевая мука тонкого и грубого помола из мяса или мясных субпродуктов: > прочие, включая пищевую муку тонкого и грубого помола из мяса или мясных субпродуктов: > прочие: > пищевая мука тонкого и грубого помола из мяса или мясных субпродуктов",from_file
0401101000,item,04011010,в первичных упаковках нетто- объемом не более 2 л,"Молоко и сливки, несгущенные и без добавления сахара или других подслащивающих веществ: > с содержанием жира не более 1 мас.%: > в первичных упаковках нетто- объемом не более 2 л",from_file
0401109000,item,04011090,прочие,"Молоко и сливки, несгущенные и без добавления сахара или других подслащивающих веществ: > с содержанием жира не более 1 мас.%: > прочие",from_file
0401201101,item,04012011,"молоко в первичных упаковках нетто-объемом не более 0,35 л, для детского питания","Молоко и сливки, несгущенные и без добавления сахара или других подслащивающих веществ: > с содержанием жира более 1 мас.%, но не более 6 мас.%: > не более 3 мас.%: > в первичных упаковках нетто- объемом не более 2 л: > молоко в первичных упаковках нетто-объемом не более 0,35 л, для детского питания",from_file
0401201109,item,04012011,прочие,"Молоко и сливки, несгущенные и без добавления сахара или других подслащивающих веществ: > с содержанием жира более 1 мас.%, но не более 6 мас.%: > не более 3 мас.%: > в первичных упаковках нетто- объемом не более 2 л: > прочие",from_file
0401201900,item,04012019,прочие,"Молоко и сливки, несгущенные и без добавления сахара или других подслащивающих веществ: > с содержанием жира более 1 мас.%, но не более 6 мас.%: > не более 3 мас.%: > прочие",from_file
0401209101,item,04012091,"молоко в первичных упаковках нетто-объемом не более 0,35 л, для детского питания","Молоко и сливки, несгущенные и без добавления сахара или других подслащивающих веществ: > с содержанием жира более 1 мас.%, но не более 6 мас.%: > более 3 мас.%: > в первичных упаковках нетто- объемом не более 2 л: > молоко в первичных упаковках нетто-объемом не более 0,35 л, для детского питания",from_file
0401209109,item,04012091,прочие,"Молоко и сливки, несгущенные и без добавления сахара или других подслащивающих веществ: > с содержанием жира более 1 мас.%, но не более 6 мас.%: > более 3 мас.%: > в первичных упаковках нетто- объемом не более 2 л: > прочие",from_file
0401209900,item,04012099,прочие,"Молоко и сливки, несгущенные и без добавления сахара или других подслащивающих веществ: > с содержанием жира более 1 мас.%, но не более 6 мас.%: > не более 3 мас.%: > прочие",from_file
0401401000,item,04014010,в первичных упаковках нетто- объемом не более 2 л,"Молоко и сливки, несгущенные и без добавления сахара или других подслащивающих веществ: > с содержанием жира более 6 мас.%, но не более 10 мас.%: > в первичных упаковках нетто- объемом не более 2 л",from_file
0401409000,item,04014090,прочие,"Молоко и сливки, несгущенные и без добавления сахара или других подслащивающих веществ: > с содержанием жира более 6 мас.%, но не более 10 мас.%: > прочие",from_file
0401501100,item,04015011,в первичных упаковках нетто- объемом не более 2 л,"Молоко и сливки, несгущенные и без добавления сахара или других подслащивающих веществ: > с содержанием жира более 10 мас.%: > не более 21 мас.%: > в первичных упаковках нетто- объемом не более 2 л",from_file
0401501900,item,04015019,прочие,"Молоко и сливки, несгущенные и без добавления сахара или других подслащивающих веществ: > с содержанием жира более 10 мас.%: > не более 21 мас.%: > прочие",from_file
0401503100,item,04015031,в первичных упаковках нетто- объемом не более 2 л,"Молоко и сливки, несгущенные и без добавления сахара или других подслащивающих веществ: > с содержанием жира более 10 мас.%: > более 21 мас.%, но не более 45 мас.%: > в первичных упаковках нетто- объемом не более 2 л",from_file
0401503900,item,04015039,прочие,"Молоко и сливки, несгущенные и без добавления сахара или других подслащивающих веществ: > с содержанием жира более 10 мас.%: > более 21 мас.%, но не более 45 мас.%: > прочие",from_file
0401509100,item,04015091,в первичных упаковках нетто- объемом не более 2 л,"Молоко и сливки, несгущенные и без добавления сахара или других подслащивающих веществ: > с содержанием жира более 10 мас.%: > более 45 мас.%: > в первичных упаковках нетто- объемом не более 2 л",from_file
0401509900,item,04015099,прочие,"Молоко и сливки, несгущенные и без добавления сахара или других подслащивающих веществ: > с содержанием жира более 10 мас.%: > более 45 мас.%: > прочие",from_file
0402101100,item,04021011,"в первичных упаковках нетто- массой не более 2,5 кг","Молоко и сливки, сгущенные или с добавлением сахара или других подслащивающих веществ: > в порошке, гранулах или в других твердых видах, с содержанием жира не более 1,5 мас.%: > без добавления сахара или других подслащивающих веществ: > в первичных упаковках нетто- массой не более 2,5 кг",from_file
0402101900,item,04021019,прочие,"Молоко и сливки, сгущенные или с добавлением сахара или других подслащивающих веществ: > в порошке, гранулах или в других твердых видах, с содержанием жира не более 1,5 мас.%: > без добавления сахара или других подслащивающих веществ: > прочие",from_file
0402109100,item,04021091,"в первичных упаковках нетто- массой не более 2,5 кг","Молоко и сливки, сгущенные или с добавлением сахара или других подслащивающих веществ: > в порошке, гранулах или в других твердых видах, с содержанием жира не более 1,5 мас.%: > прочие: > в первичных упаковках нетто- массой не более 2,5 кг",from_file
0402109900,item,04021099,прочие,"Молоко и сливки, сгущенные или с добавлением сахара или других подслащивающих веществ: > в порошке, гранулах или в других твердых видах, с содержанием жира не более 1,5 мас.%: > прочие: > прочие",from_file
0402211100,item,04022111,"в первичных упаковках нетто- массой не более 2,5 кг","Молоко и сливки, сгущенные или с добавлением сахара или других подслащивающих веществ: > в порошке, гранулах или в других твердых видах, с содержанием жира более 1,5 мас.%: > без добавления сахара или других подслащивающих веществ: > с содержанием жира не более 27 мас.%: > в первичных упаковках нетто- массой не более 2,5 кг",from_file
0402211800,item,04022118,прочие,"Молоко и сливки, сгущенные или с добавлением сахара или других подслащивающих веществ: > в порошке, гранулах или в других твердых видах, с содержанием жира более 1,5 мас.%: > без добавления сахара или других подслащивающих веществ: > с содержанием жира не более 27 мас.%: > прочие",from_file
0402219100,item,04022191,"в первичных упаковках нетто- массой не более 2,5 кг","Молоко и сливки, сгущенные или с добавлением сахара или других подслащивающих веществ: > в порошке, гранулах или в других твердых видах, с содержанием жира более 1,5 мас.%: > без добавления сахара или других подслащивающих веществ: > с содержанием жира более 27 мас.%: > в первичных упаковках нетто- массой не более 2,5 кг",from_file
0402219900,item,04022199,прочие,"Молоко и сливки, сгущенные или с добавлением сахара или других подслащивающих веществ: > в порошке, гранулах или в других твердых видах, с содержанием жира более 1,5 мас.%: > без добавления сахара или других подслащивающих веществ: > с содержанием жира более 27 мас.%: > прочие",from_file
0402291100,item,04022911,"молоко специального назначения, для грудных детей, в герметичной упаковке нетто-массой не более 500 г, с содержанием жира более 10 мас.%","Молоко и сливки, сгущенные или с добавлением сахара или других подслащивающих веществ: > в порошке, гранулах или в других твердых видах, с содержанием жира более 1,5 мас.%: > прочие: > с содержанием жира не более 27 мас.%: > молоко специального назначения, для грудных детей, в герметичной упаковке нетто-массой не более 500 г, с содержанием жира более 10 мас.%",from_file
0402291500,item,04022915,"в первичных упаковках нетто-массой не более 2,5 кг","Молоко и сливки, сгущенные или с добавлением сахара или других подслащивающих веществ: > в порошке, гранулах или в других твердых видах, с содержанием жира более 1,5 мас.%: > прочие: > с содержанием жира не более 27 мас.%: > прочие: > в первичных упаковках нетто-массой не более 2,5 кг",from_file
0402291900,item,04022919,прочие,"Молоко и сливки, сгущенные или с добавлением сахара или других подслащивающих веществ: > в порошке, гранулах или в других твердых видах, с содержанием жира более 1,5 мас.%: > прочие: > с содержанием жира не более 27 мас.%: > прочие: > прочие",from_file
0402299100,item,04022991,"в первичных упаковках нетто- массой не более 2,5 кг","Молоко и сливки, сгущенные или с добавлением сахара или других подслащивающих веществ: > в порошке, гранулах или в других твердых видах, с содержанием жира более 1,5 мас.%: > прочие: > с содержанием жира более 27 мас.%: > в первичных упаковках нетто- массой не более 2,5 кг",from_file
0402299900,item,04022999,прочие,"Молоко и сливки, сгущенные или с добавлением сахара или других подслащивающих веществ: > в порошке, гранулах или в других твердых видах, с содержанием жира более 1,5 мас.%: > прочие: > с содержанием жира более 27 мас.%: > прочие",from_file
0402911000,item,04029110,с содержанием жира не более 8 мас.%,"Молоко и сливки, сгущенные или с добавлением сахара или других подслащивающих веществ: > прочие: > без добавления сахара или других подслащивающих веществ: > с содержанием жира не более 8 мас.%",from_file
0402913000,item,04029130,"с содержанием жира более 8 мас.%, но не более 10 мас.%","Молоко и сливки, сгущенные или с добавлением сахара или других подслащивающих веществ: > прочие: > без добавления сахара или других подслащивающих веществ: > с содержанием жира более 8 мас.%, но не более 10 мас.%",from_file
0402915100,item,04029151,"в первичных упаковках нетто- массой не более 2,5 кг","Молоко и сливки, сгущенные или с добавлением сахара или других подслащивающих веществ: > прочие: > без добавления сахара или других подслащивающих веществ: > с содержанием жира более 10 мас.%, но не более 45 мас.%: > в первичных упаковках нетто- массой не более 2,5 кг",from_file
0402915900,item,04029159,прочие,"Молоко и сливки, сгущенные или с добавлением сахара или других подслащивающих веществ: > прочие: > без добавления сахара или других подслащивающих веществ: > с содержанием жира более 10 мас.%, но не более 45 мас.%: > прочие",from_file
0402919100,item,04029191,"в первичных упаковках нетто- массой не более 2,5 кг","Молоко и сливки, сгущенные или с добавлением сахара или других подслащивающих веществ: > прочие: > без добавления сахара или других подслащивающих веществ: > с содержанием жира более 45 мас.%: > в первичных упаковках нетто- массой не более 2,5 кг",from_file
0402919900,item,04029199,прочие,"Молоко и сливки, сгущенные или с добавлением сахара или других подслащивающих веществ: > прочие: > без добавления сахара или других подслащивающих веществ: > с содержанием жира более 45 мас.%: > прочие",from_file
0402991000,item,04029910,"с содержанием жира не более 9,5 мас.%","Молоко и сливки, сгущенные или с добавлением сахара или других подслащивающих веществ: > прочие: > прочие: > с содержанием жира не более 9,5 мас.%",from_file
0402993100,item,04029931,"в первичных упаковках нетто- массой не более 2,5 кг","Молоко и сливки, сгущенные или с добавлением сахара или других подслащивающих веществ: > прочие: > прочие: > с содержанием жира более 9,5 мас.%, но не более 45 мас.%: > в первичных упаковках нетто- массой не более 2,5 кг",from_file
0402993900,item,04029939,прочие,"Молоко и сливки, сгущенные или с добавлением сахара или других подслащивающих веществ: > прочие: > прочие: > с содержанием жира более 9,5 мас.%, но не более 45 мас.%: > прочие",from_file
0402999100,item,04029991,"в первичных упаковках нетто- массой не более 2,5 кг","Молоко и сливки, сгущенные или с добавлением сахара или других подслащивающих веществ: > прочие: > прочие: > с содержанием жира более 45 мас.%: > в первичных упаковках нетто- массой не более 2,5 кг",from_file
0402999900,item,04029999,прочие,"Молоко и сливки, сгущенные или с добавлением сахара или других подслащивающих веществ: > прочие: > прочие: > с содержанием жира более 45 мас.%: > прочие",from_file
0403201100,item,04032011,не более 3 мас.%,"йогурт: (с 01.01.2022) > без ингредиентов, указанных в примечании 2 к данной группе, с содержанием жира: (с 01.01.2022) > не более 3 мас.%",from_file
0403201300,item,04032013,"более 3 мас.%, но не более 6 мас.%","йогурт: (с 01.01.2022) > без ингредиентов, указанных в примечании 2 к данной группе, с содержанием жира: (с 01.01.2022) > более 3 мас.%, но не более 6 мас.%",from_file
0403201900,item,04032019,более 6 мас.%,"йогурт: (с 01.01.2022) > без ингредиентов, указанных в примечании 2 к данной группе, с содержанием жира: (с 01.01.2022) > более 6 мас.%",from_file
0403203100,item,04032031,не более 3 мас.%,"йогурт: (с 01.01.2022) > с добавлением сахара или других подслащивающих веществ, но без прочих ингредиентов, указанных в примечании 2 к данной группе, с содержанием жира: (с 01.01.2022) > не более 3 мас.%",from_file
0403203300,item,04032033,"более 3 мас.%, но не более 6 мас.%","йогурт: (с 01.01.2022) > с добавлением сахара или других подслащивающих веществ, но без прочих ингредиентов, указанных в примечании 2 к данной группе, с содержанием жира: (с 01.01.2022) > более 3 мас.%, но не более 6 мас.%",from_file
0403203900,item,04032039,более 6 мас.%,"йогурт: (с 01.01.2022) > с добавлением сахара или других подслащивающих веществ, но без прочих ингредиентов, указанных в примечании 2 к данной группе, с содержанием жира: (с 01.01.2022) > более 6 мас.%",from_file
0403205100,item,04032051,"не более 1,5 мас.%","йогурт: (с 01.01.2022) > со вкусо-ароматическими добавками или с добавлением фруктов, орехов или какао: (с 01.01.2022) > в порошке, гранулах или в других твердых видах, с содержанием молочного жира: (с 01.01.2022) > не более 1,5 мас.%",from_file
0403205300,item,04032053,"более 1,5 мас.%, но не более 27 мас.%","йогурт: (с 01.01.2022) > со вкусо-ароматическими добавками или с добавлением фруктов, орехов или какао: (с 01.01.2022) > в порошке, гранулах или в других твердых видах, с содержанием молочного жира: (с 01.01.2022) > более 1,5 мас.%, но не более 27 мас.%",from_file
0403205900,item,04032059,более 27 мас.%,"йогурт: (с 01.01.2022) > со вкусо-ароматическими добавками или с добавлением фруктов, орехов или какао: (с 01.01.2022) > в порошке, гранулах или в других твердых видах, с содержанием молочного жира: (с 01.01.2022) > более 27 мас.%",from_file
0403207100,item,04032071,не более 3 мас.%,"йогурт: (с 01.01.2022) > со вкусо-ароматическими добавками или с добавлением фруктов, орехов или какао: (с 01.01.2022) > прочий, с содержанием молочного жира: (с 01.01.2022) > не более 3 мас.%",from_file
0403207300,item,04032073,"более 3 мас.%, но не более 6 мас.%","йогурт: (с 01.01.2022) > со вкусо-ароматическими добавками или с добавлением фруктов, орехов или какао: (с 01.01.2022) > прочий, с содержанием молочного жира: (с 01.01.2022) > более 3 мас.%, но не более 6 мас.%",from_file
0403207900,item,04032079,более 6 мас.%,"йогурт: (с 01.01.2022) > со вкусо-ароматическими добавками или с добавлением фруктов, орехов или какао: (с 01.01.2022) > прочий, с содержанием молочного жира: (с 01.01.2022) > более 6 мас.%",from_file
0403209001,item,04032090,"не содержащий молочного жира, сахарозы, изоглюкозы, глюкозы или крахмала или содержащий менее 1,5 мас.% молочного жира, 5 мас.% сахарозы (включая инвертный сахар) или изоглюкозы, 5 мас.% глюкозы или крахмала, кроме йогурта в виде порошка","йогурт: (с 01.01.2022) > прочий: (с 01.01.2022) > не содержащий молочного жира, сахарозы, изоглюкозы, глюкозы или крахмала или содержащий менее 1,5 мас.% молочного жира, 5 мас.% сахарозы (включая инвертный сахар) или изоглюкозы, 5 мас.% глюкозы или крахмала, кроме йогурта в виде порошка",from_file
0403209009,item,04032090,прочий,йогурт: (с 01.01.2022) > прочий: (с 01.01.2022) > прочий,from_file
0403901100,item,04039011,"не более 1,5 мас.%","Йогурт, пахта, свернувшиеся молоко и сливки, кефир и прочие ферментированные или сквашенные молоко и сливки, сгущенные или несгущенные, с добавлением или без добавления сахара или других подслащивающих веществ, со вкусо- ароматическими добавками или без них, с добавлением или без добавления фруктов, орехов или какао: > прочие: > без вкусо-ароматических добавок и без добавления фруктов, орехов или какао: > в порошке, гранулах или в других твердых видах: > без добавления сахара или других подслащивающих веществ, с содержанием жира: > не более 1,5 мас.%",from_file
0403901300,item,04039013,"более 1,5 мас.%, но не более 27 мас.%","Йогурт, пахта, свернувшиеся молоко и сливки, кефир и прочие ферментированные или сквашенные молоко и сливки, сгущенные или несгущенные, с добавлением или без добавления сахара или других подслащивающих веществ, со вкусо- ароматическими добавками или без них, с добавлением или без добавления фруктов, орехов или какао: > прочие: > без вкусо-ароматических добавок и без добавления фруктов, орехов или какао: > в порошке, гранулах или в других твердых видах: > без добавления сахара или других подслащивающих веществ, с содержанием жира: > более 1,5 мас.%, но не более 27 мас.%",from_file
0403901900,item,04039019,более 27 мас.%,"Йогурт, пахта, свернувшиеся молоко и сливки, кефир и прочие ферментированные или сквашенные молоко и сливки, сгущенные или несгущенные, с добавлением или без добавления сахара или других подслащивающих веществ, со вкусо- ароматическими добавками или без них, с добавлением или без добавления фруктов, орехов или какао: > прочие: > без вкусо-ароматических добавок и без добавления фруктов, орехов или какао: > в порошке, гранулах или в других твердых видах: > без добавления сахара или других подслащивающих веществ, с содержанием жира: > более 27 мас.%",from_file
0403903100,item,04039031,"не более 1,5 мас.%","Йогурт, пахта, свернувшиеся молоко и сливки, кефир и прочие ферментированные или сквашенные молоко и сливки, сгущенные или несгущенные, с добавлением или без добавления сахара или других подслащивающих веществ, со вкусо- ароматическими добавками или без них, с добавлением или без добавления фруктов, орехов или какао: > прочие: > без вкусо-ароматических добавок и без добавления фруктов, орехов или какао: > в порошке, гранулах или в других твердых видах: > прочие, с содержанием жира: > не более 1,5 мас.%",from_file
0403903300,item,04039033,"более 1,5 мас.%, но не более 27 мас.%","Йогурт, пахта, свернувшиеся молоко и сливки, кефир и прочие ферментированные или сквашенные молоко и сливки, сгущенные или несгущенные, с добавлением или без добавления сахара или других подслащивающих веществ, со вкусо- ароматическими добавками или без них, с добавлением или без добавления фруктов, орехов или какао: > прочие: > без вкусо-ароматических добавок и без добавления фруктов, орехов или какао: > в порошке, гранулах или в других твердых видах: > прочие, с содержанием жира: > более 1,5 мас.%, но не более 27 мас.%",from_file
0403903900,item,04039039,более 27 мас.%,"Йогурт, пахта, свернувшиеся молоко и сливки, кефир и прочие ферментированные или сквашенные молоко и сливки, сгущенные или несгущенные, с добавлением или без добавления сахара или других подслащивающих веществ, со вкусо- ароматическими добавками или без них, с добавлением или без добавления фруктов, орехов или какао: > прочие: > без вкусо-ароматических добавок и без добавления фруктов, орехов или какао: > в порошке, гранулах или в других твердых видах: > прочие, с содержанием жира: > более 27 мас.%",from_file
0403905101,item,04039051,"в первичных упаковках нетто-объемом не более 0,35 л, для детского питания","кефир: > в первичных упаковках нетто-объемом не более 0,35 л, для детского питания",from_file
0403905102,item,04039051,прочий,кефир: > прочий,from_file
0403905109,item,04039051,прочие,"Йогурт, пахта, свернувшиеся молоко и сливки, кефир и прочие ферментированные или сквашенные молоко и сливки, сгущенные или несгущенные, с добавлением или без добавления сахара или других подслащивающих веществ, со вкусо- ароматическими добавками или без них, с добавлением или без добавления фруктов, орехов или какао: > прочие: > без вкусо-ароматических добавок и без добавления фруктов, орехов или какао: > прочие: > без добавления сахара или других подслащивающих веществ, с содержанием жира: > не более 3 мас.%: > прочие",from_file
0403905301,item,04039053,"в первичных упаковках нетто-объемом не более 0,35 л, для детского питания","кефир: > в первичных упаковках нетто-объемом не более 0,35 л, для детского питания",from_file
0403905302,item,04039053,прочий,кефир: > прочий,from_file
0403905309,item,04039053,прочие,"Йогурт, пахта, свернувшиеся молоко и сливки, кефир и прочие ферментированные или сквашенные молоко и сливки, сгущенные или несгущенные, с добавлением или без добавления сахара или других подслащивающих веществ, со вкусо- ароматическими добавками или без них, с добавлением или без добавления фруктов, орехов или какао: > прочие: > без вкусо-ароматических добавок и без добавления фруктов, орехов или какао: > прочие: > без добавления сахара или других подслащивающих веществ, с содержанием жира: > более 3 мас.%, но не более 6 мас.%: > прочие",from_file
0403905900,item,04039059,более 6 мас.%,"Йогурт, пахта, свернувшиеся молоко и сливки, кефир и прочие ферментированные или сквашенные молоко и сливки, сгущенные или несгущенные, с добавлением или без добавления сахара или других подслащивающих веществ, со вкусо- ароматическими добавками или без них, с добавлением или без добавления фруктов, орехов или какао: > прочие: > без вкусо-ароматических добавок и без добавления фруктов, орехов или какао: > прочие: > без добавления сахара или других подслащивающих веществ, с содержанием жира: > более 6 мас.%",from_file
0403906100,item,04039061,не более 3 мас.%,"Йогурт, пахта, свернувшиеся молоко и сливки, кефир и прочие ферментированные или сквашенные молоко и сливки, сгущенные или несгущенные, с добавлением или без добавления сахара или других подслащивающих веществ, со вкусо- ароматическими добавками или без них, с добавлением или без добавления фруктов, орехов или какао: > прочие: > без вкусо-ароматических добавок и без добавления фруктов, орехов или какао: > прочие: > прочие, с содержанием жира: > не более 3 мас.%",from_file
0403906300,item,04039063,"более 3 мас.%, но не более 6 мас.%","Йогурт, пахта, свернувшиеся молоко и сливки, кефир и прочие ферментированные или сквашенные молоко и сливки, сгущенные или несгущенные, с добавлением или без добавления сахара или других подслащивающих веществ, со вкусо- ароматическими добавками или без них, с добавлением или без добавления фруктов, орехов или какао: > прочие: > без вкусо-ароматических добавок и без добавления фруктов, орехов или какао: > прочие: > прочие, с содержанием жира: > более 3 мас.%, но не более 6 мас.%",from_file
0403906900,item,04039069,более 6 мас.%,"Йогурт, пахта, свернувшиеся молоко и сливки, кефир и прочие ферментированные или сквашенные молоко и сливки, сгущенные или несгущенные, с добавлением или без добавления сахара или других подслащивающих веществ, со вкусо- ароматическими добавками или без них, с добавлением или без добавления фруктов, орехов или какао: > прочие: > без вкусо-ароматических добавок и без добавления фруктов, орехов или какао: > прочие: > прочие, с содержанием жира: > более 6 мас.%",from_file
0403907100,item,04039071,"не более 1,5 мас.%","Йогурт, пахта, свернувшиеся молоко и сливки, кефир и прочие ферментированные или сквашенные молоко и сливки, сгущенные или несгущенные, с добавлением или без добавления сахара или других подслащивающих веществ, со вкусо- ароматическими добавками или без них, с добавлением или без добавления фруктов, орехов или какао: > прочие: > со вкусо-ароматическими добавками или с добавлением фруктов, орехов или какао: > в порошке, гранулах или в других твердых видах, с содержанием молочного жира: > не более 1,5 мас.%",from_file
0403907300,item,04039073,"более 1,5 мас.%, но не более 27 мас.%","Йогурт, пахта, свернувшиеся молоко и сливки, кефир и прочие ферментированные или сквашенные молоко и сливки, сгущенные или несгущенные, с добавлением или без добавления сахара или других подслащивающих веществ, со вкусо- ароматическими добавками или без них, с добавлением или без добавления фруктов, орехов или какао: > прочие: > со вкусо-ароматическими добавками или с добавлением фруктов, орехов или какао: > в порошке, гранулах или в других твердых видах, с содержанием молочного жира: > более 1,5 мас.%, но не более 27 мас.%",from_file
0403907900,item,04039079,более 27 мас.%,"Йогурт, пахта, свернувшиеся молоко и сливки, кефир и прочие ферментированные или сквашенные молоко и сливки, сгущенные или несгущенные, с добавлением или без добавления сахара или других подслащивающих веществ, со вкусо- ароматическими добавками или без них, с добавлением или без добавления фруктов, орехов или какао: > прочие: > со вкусо-ароматическими добавками или с добавлением фруктов, орехов или какао: > в порошке, гранулах или в других твердых видах, с содержанием молочного жира: > более 27 мас.%",from_file
0403909100,item,04039091,не более 3 мас.%,"Йогурт, пахта, свернувшиеся молоко и сливки, кефир и прочие ферментированные или сквашенные молоко и сливки, сгущенные или несгущенные, с добавлением или без добавления сахара или других подслащивающих веществ, со вкусо- ароматическими добавками или без них, с добавлением или без добавления фруктов, орехов или какао: > прочие: > со вкусо-ароматическими добавками или с добавлением фруктов, орехов или какао: > прочие, с содержанием молочного жира: > не более 3 мас.%",from_file
0403909300,item,04039093,"более 3 мас.%, но не более 6 мас.%","Йогурт, пахта, свернувшиеся молоко и сливки, кефир и прочие ферментированные или сквашенные молоко и сливки, сгущенные или несгущенные, с добавлением или без добавления сахара или других подслащивающих веществ, со вкусо- ароматическими добавками или без них, с добавлением или без добавления фруктов, орехов или какао: > прочие: > со вкусо-ароматическими добавками или с добавлением фруктов, орехов или какао: > прочие, с содержанием молочного жира: > более 3 мас.%, но не более 6 мас.%",from_file
0403909900,item,04039099,более 6 мас.%,"Йогурт, пахта, свернувшиеся молоко и сливки, кефир и прочие ферментированные или сквашенные молоко и сливки, сгущенные или несгущенные, с добавлением или без добавления сахара или других подслащивающих веществ, со вкусо- ароматическими добавками или без них, с добавлением или без добавления фруктов, орехов или какао: > прочие: > со вкусо-ароматическими добавками или с добавлением фруктов, орехов или какао: > прочие, с содержанием молочного жира: > более 6 мас.%",from_file
0404100200,item,04041002,"не более 1,5 мас.%","молочная сыворотка и видоизмененная молочная сыворотка, сгущенная или несгущенная, с добавлением или без добавления сахара или других подслащивающих веществ: > в порошке, гранулах или в других твердых видах: > без добавления сахара или других подслащивающих веществ, с содержанием белка (содержание азота х 6,38): > не более 15 мас.% и с содержанием жира: > не более 1,5 мас.%",from_file
0404100400,item,04041004,"более 1,5 мас.%, но не более 27 мас.%","молочная сыворотка и видоизмененная молочная сыворотка, сгущенная или несгущенная, с добавлением или без добавления сахара или других подслащивающих веществ: > в порошке, гранулах или в других твердых видах: > без добавления сахара или других подслащивающих веществ, с содержанием белка (содержание азота х 6,38): > не более 15 мас.% и с содержанием жира: > более 1,5 мас.%, но не более 27 мас.%",from_file
0404100600,item,04041006,более 27 мас.%,"молочная сыворотка и видоизмененная молочная сыворотка, сгущенная или несгущенная, с добавлением или без добавления сахара или других подслащивающих веществ: > в порошке, гранулах или в других твердых видах: > без добавления сахара или других подслащивающих веществ, с содержанием белка (содержание азота х 6,38): > не более 15 мас.% и с содержанием жира: > более 27 мас.%",from_file
0404101201,item,04041012,"с содержанием белка (содержание азота х 6,38) более 79 мас.% в порядке, указанном в дополнительном примечании Евразийского экономического союза 1 к группе 04","молочная сыворотка и видоизмененная молочная сыворотка, сгущенная или несгущенная, с добавлением или без добавления сахара или других подслащивающих веществ: > в порошке, гранулах или в других твердых видах: > без добавления сахара или других подслащивающих веществ, с содержанием белка (содержание азота х 6,38): > более 15 мас.% и с содержанием жира: > не более 1,5 мас.%: > с содержанием белка (содержание азота х 6,38) более 79 мас.% в порядке, указанном в дополнительном примечании Евразийского экономического союза 1 к группе 04",from_file
0404101209,item,04041012,прочие,"молочная сыворотка и видоизмененная молочная сыворотка, сгущенная или несгущенная, с добавлением или без добавления сахара или других подслащивающих веществ: > в порошке, гранулах или в других твердых видах: > без добавления сахара или других подслащивающих веществ, с содержанием белка (содержание азота х 6,38): > более 15 мас.% и с содержанием жира: > не более 1,5 мас.%: > прочие",from_file
0404101400,item,04041014,"более 1,5 мас.%, но не более 27 мас.%","молочная сыворотка и видоизмененная молочная сыворотка, сгущенная или несгущенная, с добавлением или без добавления сахара или других подслащивающих веществ: > в порошке, гранулах или в других твердых видах: > без добавления сахара или других подслащивающих веществ, с содержанием белка (содержание азота х 6,38): > более 15 мас.% и с содержанием жира: > более 1,5 мас.%, но не более 27 мас.%",from_file
0404101601,item,04041016,"с содержанием белка (содержание азота х 6,38) более 79 мас.% в порядке, указанном в дополнительном примечании Евразийского экономического союза 1 к группе 04","молочная сыворотка и видоизмененная молочная сыворотка, сгущенная или несгущенная, с добавлением или без добавления сахара или других подслащивающих веществ: > в порошке, гранулах или в других твердых видах: > без добавления сахара или других подслащивающих веществ, с содержанием белка (содержание азота х 6,38): > более 15 мас.% и с содержанием жира: > более 27 мас.%: > с содержанием белка (содержание азота х 6,38) более 79 мас.% в порядке, указанном в дополнительном примечании Евразийского экономического союза 1 к группе 04",from_file
0404101609,item,04041016,прочие,"молочная сыворотка и видоизмененная молочная сыворотка, сгущенная или несгущенная, с добавлением или без добавления сахара или других подслащивающих веществ: > в порошке, гранулах или в других твердых видах: > без добавления сахара или других подслащивающих веществ, с содержанием белка (содержание азота х 6,38): > более 15 мас.% и с содержанием жира: > более 27 мас.%: > прочие",from_file
0404102600,item,04041026,"не более 1,5 мас.%","молочная сыворотка и видоизмененная молочная сыворотка, сгущенная или несгущенная, с добавлением или без добавления сахара или других подслащивающих веществ: > в порошке, гранулах или в других твердых видах: > прочие, с содержанием белка (содержание азота х 6,38): > не более 15 мас.% и с содержанием жира: > не более 1,5 мас.%",from_file
0404102800,item,04041028,"более 1,5 мас.%, но не более 27 мас.%","молочная сыворотка и видоизмененная молочная сыворотка, сгущенная или несгущенная, с добавлением или без добавления сахара или других подслащивающих веществ: > в порошке, гранулах или в других твердых видах: > прочие, с содержанием белка (содержание азота х 6,38): > не более 15 мас.% и с содержанием жира: > более 1,5 мас.%, но не более 27 мас.%",from_file
0404103200,item,04041032,более 27 мас.%,"молочная сыворотка и видоизмененная молочная сыворотка, сгущенная или несгущенная, с добавлением или без добавления сахара или других подслащивающих веществ: > в порошке, гранулах или в других твердых видах: > прочие, с содержанием белка (содержание азота х 6,38): > не более 15 мас.% и с содержанием жира: > более 27 мас.%",from_file
0404103400,item,04041034,"не более 1,5 мас.%","молочная сыворотка и видоизмененная молочная сыворотка, сгущенная или несгущенная, с добавлением или без добавления сахара или других подслащивающих веществ: > в порошке, гранулах или в других твердых видах: > прочие, с содержанием белка (содержание азота х 6,38): > более 15 мас.% и с содержанием жира: > не более 1,5 мас.%",from_file
0404103600,item,04041036,"более 1,5 мас.%, но не более 27 мас.%","молочная сыворотка и видоизмененная молочная сыворотка, сгущенная или несгущенная, с добавлением или без добавления сахара или других подслащивающих веществ: > в порошке, гранулах или в других твердых видах: > прочие, с содержанием белка (содержание азота х 6,38): > более 15 мас.% и с содержанием жира: > более 1,5 мас.%, но не более 27 мас.%",from_file
0404103800,item,04041038,более 27 мас.%,"молочная сыворотка и видоизмененная молочная сыворотка, сгущенная или несгущенная, с добавлением или без добавления сахара или других подслащивающих веществ: > в порошке, гранулах или в других твердых видах: > прочие, с содержанием белка (содержание азота х 6,38): > более 15 мас.% и с содержанием жира: > более 27 мас.%",from_file
0404104800,item,04041048,"не более 1,5 мас.%","молочная сыворотка и видоизмененная молочная сыворотка, сгущенная или несгущенная, с добавлением или без добавления сахара или других подслащивающих веществ: > прочие: > без добавления сахара или других подслащивающих веществ и с содержанием белка (содержание азота х 6,38): > не более 15 мас.% и с содержанием жира: > не более 1,5 мас.%",from_file
0404105200,item,04041052,"более 1,5 мас.%, но не более 27 мас.%","молочная сыворотка и видоизмененная молочная сыворотка, сгущенная или несгущенная, с добавлением или без добавления сахара или других подслащивающих веществ: > прочие: > без добавления сахара или других подслащивающих веществ и с содержанием белка (содержание азота х 6,38): > не более 15 мас.% и с содержанием жира: > более 1,5 мас.%, но не более 27 мас.%",from_file
0404105400,item,04041054,более 27 мас.%,"молочная сыворотка и видоизмененная молочная сыворотка, сгущенная или несгущенная, с добавлением или без добавления сахара или других подслащивающих веществ: > прочие: > без добавления сахара или других подслащивающих веществ и с содержанием белка (содержание азота х 6,38): > не более 15 мас.% и с содержанием жира: > более 27 мас.%",from_file
0404105600,item,04041056,"не более 1,5 мас.%","молочная сыворотка и видоизмененная молочная сыворотка, сгущенная или несгущенная, с добавлением или без добавления сахара или других подслащивающих веществ: > прочие: > без добавления сахара или других подслащивающих веществ и с содержанием белка (содержание азота х 6,38): > более 15 мас.% и с содержанием жира: > не более 1,5 мас.%",from_file
0404105800,item,04041058,"более 1,5 мас.%, но не более 27 мас.%","молочная сыворотка и видоизмененная молочная сыворотка, сгущенная или несгущенная, с добавлением или без добавления сахара или других подслащивающих веществ: > прочие: > без добавления сахара или других подслащивающих веществ и с содержанием белка (содержание азота х 6,38): > более 15 мас.% и с содержанием жира: > более 1,5 мас.%, но не более 27 мас.%",from_file
0404106200,item,04041062,более 27 мас.%,"молочная сыворотка и видоизмененная молочная сыворотка, сгущенная или несгущенная, с добавлением или без добавления сахара или других подслащивающих веществ: > прочие: > без добавления сахара или других подслащивающих веществ и с содержанием белка (содержание азота х 6,38): > более 15 мас.% и с содержанием жира: > более 27 мас.%",from_file
0404107200,item,04041072,"не более 1,5 мас.%","молочная сыворотка и видоизмененная молочная сыворотка, сгущенная или несгущенная, с добавлением или без добавления сахара или других подслащивающих веществ: > прочие: > прочие, с содержанием белка (содержание азота х 6,38): > не более 15 мас.% и с содержанием жира: > не более 1,5 мас.%",from_file
0404107400,item,04041074,"более 1,5 мас.%, но не более 27 мас.%","молочная сыворотка и видоизмененная молочная сыворотка, сгущенная или несгущенная, с добавлением или без добавления сахара или других подслащивающих веществ: > прочие: > прочие, с содержанием белка (содержание азота х 6,38): > не более 15 мас.% и с содержанием жира: > более 1,5 мас.%, но не более 27 мас.%",from_file
0404107600,item,04041076,более 27 мас.%,"молочная сыворотка и видоизмененная молочная сыворотка, сгущенная или несгущенная, с добавлением или без добавления сахара или других подслащивающих веществ: > прочие: > прочие, с содержанием белка (содержание азота х 6,38): > не более 15 мас.% и с содержанием жира: > более 27 мас.%",from_file
0404107800,item,04041078,"не более 1,5 мас.%","молочная сыворотка и видоизмененная молочная сыворотка, сгущенная или несгущенная, с добавлением или без добавления сахара или других подслащивающих веществ: > прочие: > прочие, с содержанием белка (содержание азота х 6,38): > более 15 мас.% и с содержанием жира: > не более 1,5 мас.%",from_file
0404108200,item,04041082,"более 1,5 мас.%, но не более 27 мас.%","молочная сыворотка и видоизмененная молочная сыворотка, сгущенная или несгущенная, с добавлением или без добавления сахара или других подслащивающих веществ: > прочие: > прочие, с содержанием белка (содержание азота х 6,38): > более 15 мас.% и с содержанием жира: > более 1,5 мас.%, но не более 27 мас.%",from_file
0404108400,item,04041084,более 27 мас.%,"молочная сыворотка и видоизмененная молочная сыворотка, сгущенная или несгущенная, с добавлением или без добавления сахара или других подслащивающих веществ: > прочие: > прочие, с содержанием белка (содержание азота х 6,38): > более 15 мас.% и с содержанием жира: > более 27 мас.%",from_file
0404902100,item,04049021,"не более 1,5 мас.%","Молочная сыворотка, сгущенная или несгущенная, с добавлением или без добавления сахара или других подслащивающих веществ; продукты из натуральных компонентов молока, с добавлением или без добавления сахара или других подслащивающих веществ, в другом месте не поименованные или не включенные: > прочие: > без добавления сахара или других подслащивающих веществ, с содержанием жира: > не более 1,5 мас.%",from_file
0404902300,item,04049023,"более 1,5 мас.%, но не более 27 мас.%","Молочная сыворотка, сгущенная или несгущенная, с добавлением или без добавления сахара или других подслащивающих веществ; продукты из натуральных компонентов молока, с добавлением или без добавления сахара или других подслащивающих веществ, в другом месте не поименованные или не включенные: > прочие: > без добавления сахара или других подслащивающих веществ, с содержанием жира: > более 1,5 мас.%, но не более 27 мас.%",from_file
0404902900,item,04049029,более 27 мас.%,"Молочная сыворотка, сгущенная или несгущенная, с добавлением или без добавления сахара или других подслащивающих веществ; продукты из натуральных компонентов молока, с добавлением или без добавления сахара или других подслащивающих веществ, в другом месте не поименованные или не включенные: > прочие: > без добавления сахара или других подслащивающих веществ, с содержанием жира: > более 27 мас.%",from_file
0404908100,item,04049081,"не более 1,5 мас.%","Молочная сыворотка, сгущенная или несгущенная, с добавлением или без добавления сахара или других подслащивающих веществ; продукты из натуральных компонентов молока, с добавлением или без добавления сахара или других подслащивающих веществ, в другом месте не поименованные или не включенные: > прочие: > прочие, с содержанием жира: > не более 1,5 мас.%",from_file
0404908300,item,04049083,"более 1,5 мас.%, но не более 27 мас.%","Молочная сыворотка, сгущенная или несгущенная, с добавлением или без добавления сахара или других подслащивающих веществ; продукты из натуральных компонентов молока, с добавлением или без добавления сахара или других подслащивающих веществ, в другом месте не поименованные или не включенные: > прочие: > прочие, с содержанием жира: > более 1,5 мас.%, но не более 27 мас.%",from_file
0404908900,item,04049089,более 27 мас.%,"Молочная сыворотка, сгущенная или несгущенная, с добавлением или без добавления сахара или других подслащивающих веществ; продукты из натуральных компонентов молока, с добавлением или без добавления сахара или других подслащивающих веществ, в другом месте не поименованные или не включенные: > прочие: > прочие, с содержанием жира: > более 27 мас.%",from_file
0405101100,item,04051011,в первичных упаковках нетто- массой не более 1 кг,натуральное сливочное масло: > в первичных упаковках нетто- массой не более 1 кг,from_file
0405101900,item,04051019,прочее,натуральное сливочное масло: > прочее,from_file
0405103000,item,04051030,рекомбинированное масло,сливочное масло: > с содержанием жира не более 85 мас.%: > рекомбинированное масло,from_file
0405105000,item,04051050,сывороточное масло,сливочное масло: > с содержанием жира не более 85 мас.%: > сывороточное масло,from_file
0405109000,item,04051090,прочее,сливочное масло: > прочее,from_file
0405201000,item,04052010,"с содержанием жира 39 мас.% или более, но менее 60 мас.%","молочные пасты: > с содержанием жира 39 мас.% или более, но менее 60 мас.%",from_file
0405203000,item,04052030,"с содержанием жира 60 мас.% или более, но не более 75 мас.%","молочные пасты: > с содержанием жира 60 мас.% или более, но не более 75 мас.%",from_file
0405209000,item,04052090,"с содержанием жира более 75 мас.%, но менее 80 мас.%","молочные пасты: > с содержанием жира более 75 мас.%, но менее 80 мас.%",from_file
0405901000,item,04059010,"с содержанием жира 99,3 мас.% или более и с содержанием воды не более 0,5 мас.%","Сливочное масло и прочие жиры и масла, изготовленные из молока; молочные пасты: > прочие: > с содержанием жира 99,3 мас.% или более и с содержанием воды не более 0,5 мас.%",from_file
0405909000,item,04059090,прочие,"Сливочное масло и прочие жиры и масла, изготовленные из молока; молочные пасты: > прочие: > прочие",from_file
0406103000,item,04061030,моцарелла в жидкости или нет,"молодые сыры (недозрелые или невыдержанные), включая сывороточно-альбуминовые сыры, и творог: > с содержанием жира не более 40 мас.%: (с 01.01.2017) > моцарелла в жидкости или нет",from_file
0406105001,item,04061050,"в первичных упаковках нетто-массой не более 200 г, для детского питания","творог: (с 01.01.2017) > в первичных упаковках нетто-массой не более 200 г, для детского питания",from_file
0406105002,item,04061050,прочий,творог: (с 01.01.2017) > прочий,from_file
0406105009,item,04061050,прочие,"молодые сыры (недозрелые или невыдержанные), включая сывороточно-альбуминовые сыры, и творог: > с содержанием жира не более 40 мас.%: (с 01.01.2017) > прочие: (с 01.01.2017) > прочие",from_file
0406108000,item,04061080,прочие,"молодые сыры (недозрелые или невыдержанные), включая сывороточно-альбуминовые сыры, и творог: > прочие",from_file
0406200000,item,04062000,"тертые сыры или сыры в порошке, всех видов","Сыры и творог: > тертые сыры или сыры в порошке, всех видов",from_file
0406301000,item,04063010,"при производстве которых использовались лишь сыры Эмменталер, Грюйер и Аппенцеллер и которые могут включать в качестве дополнительного ингредиента Гларский сыр (называемый также ""Шабцигер""); упакованные для розничной продажи, с содержанием жира в сухом веществе не более 56 мас.%","плавленые сыры, нетертые или непорошкообразные: > при производстве которых использовались лишь сыры Эмменталер, Грюйер и Аппенцеллер и которые могут включать в качестве дополнительного ингредиента Гларский сыр (называемый также ""Шабцигер""); упакованные для розничной продажи, с содержанием жира в сухом веществе не более 56 мас.%",from_file
0406303100,item,04063031,не более 48 мас.%,"плавленые сыры, нетертые или непорошкообразные: > прочие: > с содержанием жира не более 36 мас.% при содержании его в сухом веществе: > не более 48 мас.%",from_file
0406303900,item,04063039,более 48 мас.%,"плавленые сыры, нетертые или непорошкообразные: > прочие: > с содержанием жира не более 36 мас.% при содержании его в сухом веществе: > более 48 мас.%",from_file
0406309000,item,04063090,с содержанием жира более 36 мас.%,"плавленые сыры, нетертые или непорошкообразные: > прочие: > с содержанием жира более 36 мас.%",from_file
0406401000,item,04064010,Рокфор,"голубые и прочие сыры, содержащие прожилки, полученные использованием Penicillium roqueforti: > Рокфор",from_file
0406405000,item,04064050,Горгонзола,"голубые и прочие сыры, содержащие прожилки, полученные использованием Penicillium roqueforti: > Горгонзола",from_file
0406409000,item,04064090,прочие,"голубые и прочие сыры, содержащие прожилки, полученные использованием Penicillium roqueforti: > прочие",from_file
0406900100,item,04069001,для производства плавленых сыров,сыры прочие: > для производства плавленых сыров,from_file
0406901300,item,04069013,Эмменталер,сыры прочие: > прочие: > Эмменталер,from_file
0406901500,item,04069015,"Грюйер, Сбринц","сыры прочие: > прочие: > Грюйер, Сбринц",from_file
0406901700,item,04069017,"Бергказе, Аппенцеллер","сыры прочие: > прочие: > Бергказе, Аппенцеллер",from_file
0406901800,item,04069018,"сыр фрибуржский, Вашрен Мон д’О и Тет де Муан","сыры прочие: > прочие: > сыр фрибуржский, Вашрен Мон д’О и Тет де Муан",from_file
0406902100,item,04069021,Чеддер,сыры прочие: > прочие: > Чеддер,from_file
0406902300,item,04069023,Эдам,сыры прочие: > прочие: > Эдам,from_file
0406902500,item,04069025,Тильзит,сыры прочие: > прочие: > Тильзит,from_file
0406902900,item,04069029,Качокавалло,сыры прочие: > прочие: > Качокавалло,from_file
0406903201,item,04069032,"из овечьего молока или молока буйволиц в контейнерах, содержащих рассол, или в бурдюках из овечьей или козьей шкуры","Фета: > из овечьего молока или молока буйволиц в контейнерах, содержащих рассол, или в бурдюках из овечьей или козьей шкуры",from_file
0406903209,item,04069032,прочие,Фета: > прочие,from_file
0406903500,item,04069035,Кефалотири,сыры прочие: > прочие: > Кефалотири,from_file
0406903700,item,04069037,Финляндия,сыры прочие: > прочие: > Финляндия,from_file
0406903900,item,04069039,Яарлсберг,сыры прочие: > прочие: > Яарлсберг,from_file
0406905000,item,04069050,"сыры из овечьего молока или молока буйволиц в контейнерах, содержащих рассол, или в бурдюках из овечьей или козьей шкуры","сыры прочие: > прочие: > прочие: > сыры из овечьего молока или молока буйволиц в контейнерах, содержащих рассол, или в бурдюках из овечьей или козьей шкуры",from_file
0406906100,item,04069061,"Грана Падано, Пармиджано Реджано","сыры прочие: > прочие: > прочие: > прочие: > с содержанием жира не более 40 мас.% и содержанием влаги в обезжиренном веществе: > не более 47 мас.%: > Грана Падано, Пармиджано Реджано",from_file
0406906300,item,04069063,"Фиоре Сардо, Пекорино","сыры прочие: > прочие: > прочие: > прочие: > с содержанием жира не более 40 мас.% и содержанием влаги в обезжиренном веществе: > не более 47 мас.%: > Фиоре Сардо, Пекорино",from_file
0406906900,item,04069069,прочие,сыры прочие: > прочие: > прочие: > прочие: > с содержанием жира не более 40 мас.% и содержанием влаги в обезжиренном веществе: > не более 47 мас.%: > прочие,from_file
0406907300,item,04069073,Проволоне,"сыры прочие: > прочие: > прочие: > прочие: > с содержанием жира не более 40 мас.% и содержанием влаги в обезжиренном веществе: > более 47 мас.%, но не более 72 мас.%: > Проволоне",from_file
0406907400,item,04069074,Маасдам,"сыры прочие: > прочие: > прочие: > прочие: > с содержанием жира не более 40 мас.% и содержанием влаги в обезжиренном веществе: > более 47 мас.%, но не более 72 мас.%: > Маасдам",from_file
0406907500,item,04069075,"Асиаго, Качокавалло, Монтасио, Рагузано","сыры прочие: > прочие: > прочие: > прочие: > с содержанием жира не более 40 мас.% и содержанием влаги в обезжиренном веществе: > более 47 мас.%, но не более 72 мас.%: > Асиаго, Качокавалло, Монтасио, Рагузано",from_file
0406907600,item,04069076,"Данбо, Фонталь, Фонтина, Финбо, Аварти, Марибо, Самсо","сыры прочие: > прочие: > прочие: > прочие: > с содержанием жира не более 40 мас.% и содержанием влаги в обезжиренном веществе: > более 47 мас.%, но не более 72 мас.%: > Данбо, Фонталь, Фонтина, Финбо, Аварти, Марибо, Самсо",from_file
0406907800,item,04069078,Гауда,"сыры прочие: > прочие: > прочие: > прочие: > с содержанием жира не более 40 мас.% и содержанием влаги в обезжиренном веществе: > более 47 мас.%, но не более 72 мас.%: > Гауда",from_file
0406907900,item,04069079,"Эсром, Италико, Кернгем, Сен-Нектер, Сен-Полен, Таледжо","сыры прочие: > прочие: > прочие: > прочие: > с содержанием жира не более 40 мас.% и содержанием влаги в обезжиренном веществе: > более 47 мас.%, но не более 72 мас.%: > Эсром, Италико, Кернгем, Сен-Нектер, Сен-Полен, Таледжо",from_file
0406908100,item,04069081,"Канталь, Чешир, Уэнслидайль, Ланкашир, Дабл Глостер, Бларней, Колби, Монтерей","сыры прочие: > прочие: > прочие: > прочие: > с содержанием жира не более 40 мас.% и содержанием влаги в обезжиренном веществе: > более 47 мас.%, но не более 72 мас.%: > Канталь, Чешир, Уэнслидайль, Ланкашир, Дабл Глостер, Бларней, Колби, Монтерей",from_file
0406908200,item,04069082,Камамбер,"сыры прочие: > прочие: > прочие: > прочие: > с содержанием жира не более 40 мас.% и содержанием влаги в обезжиренном веществе: > более 47 мас.%, но не более 72 мас.%: > Камамбер",from_file
0406908400,item,04069084,Бри,"сыры прочие: > прочие: > прочие: > прочие: > с содержанием жира не более 40 мас.% и содержанием влаги в обезжиренном веществе: > более 47 мас.%, но не более 72 мас.%: > Бри",from_file
0406908500,item,04069085,"Кефалогравиера, Кассери","сыры прочие: > прочие: > прочие: > прочие: > с содержанием жира не более 40 мас.% и содержанием влаги в обезжиренном веществе: > более 47 мас.%, но не более 72 мас.%: > Кефалогравиера, Кассери",from_file
0406908600,item,04069086,"более 47 мас.%, но не более 52 мас.%","сыры прочие: > прочие: > прочие: > прочие: > с содержанием жира не более 40 мас.% и содержанием влаги в обезжиренном веществе: > более 47 мас.%, но не более 72 мас.%: > прочие сыры с содержанием влаги в обезжиренном веществе: > более 47 мас.%, но не более 52 мас.%",from_file
0406908900,item,04069089,"более 52 мас.%, но не более 62 мас.%","сыры прочие: > прочие: > прочие: > прочие: > с содержанием жира не более 40 мас.% и содержанием влаги в обезжиренном веществе: > более 47 мас.%, но не более 72 мас.%: > прочие сыры с содержанием влаги в обезжиренном веществе: > более 52 мас.%, но не более 62 мас.%",from_file
0406909200,item,04069092,"более 62 мас.%, но не более 72 мас.%","сыры прочие: > прочие: > прочие: > прочие: > с содержанием жира не более 40 мас.% и содержанием влаги в обезжиренном веществе: > более 47 мас.%, но не более 72 мас.%: > прочие сыры с содержанием влаги в обезжиренном веществе: > более 62 мас.%, но не более 72 мас.%",from_file
0406909300,item,04069093,более 72 мас.%,сыры прочие: > прочие: > прочие: > прочие: > с содержанием жира не более 40 мас.% и содержанием влаги в обезжиренном веществе: > более 72 мас.%,from_file
0406909901,item,04069099,"Белый сыр из коровьего молока, в рассоле","сыры прочие: > прочие: > прочие: > прочие: > прочие: > Белый сыр из коровьего молока, в рассоле",from_file
0406909909,item,04069099,прочие,сыры прочие: > прочие: > прочие: > прочие: > прочие: > прочие,from_file
0407110000,item,04071100,кур домашних (Gallus domesticus) 6),оплодотворенные яйца для инкубации: > кур домашних (Gallus domesticus) 6),from_file
0407191100,item,04071911,индюшачьи или гусиные 6),"оплодотворенные яйца для инкубации: > прочие: > прочей домашней птицы, указанной в товарной позиции 0105: > индюшачьи или гусиные 6)",from_file
0407191900,item,04071919,прочие 6),"оплодотворенные яйца для инкубации: > прочие: > прочей домашней птицы, указанной в товарной позиции 0105: > прочие 6)",from_file
0407199000,item,04071990,прочие,оплодотворенные яйца для инкубации: > прочие: > прочие,from_file
0407210000,item,04072100,кур домашних (Gallus domesticus),яйца свежие прочие: > кур домашних (Gallus domesticus),from_file
0407291000,item,04072910,"прочей домашней птицы, указанной в товарной позиции 0105","яйца свежие прочие: > прочие: > прочей домашней птицы, указанной в товарной позиции 0105",from_file
0407299000,item,04072990,прочие,яйца свежие прочие: > прочие: > прочие,from_file
0407901000,item,04079010,"домашней птицы, указанной в товарной позиции 0105","Яйца птиц, в скорлупе, свежие, консервированные или вареные: > прочие: > домашней птицы, указанной в товарной позиции 0105",from_file
0407909000,item,04079090,прочие,"Яйца птиц, в скорлупе, свежие, консервированные или вареные: > прочие: > прочие",from_file
0408112000,item,04081120,непригодные для употребления в пищу,сушеные: > непригодные для употребления в пищу,from_file
0408118000,item,04081180,прочие,сушеные: > прочие,from_file
0408192000,item,04081920,непригодные для употребления в пищу,яичные желтки: > прочие: > непригодные для употребления в пищу,from_file
0408198100,item,04081981,жидкие,яичные желтки: > прочие: > прочие: > жидкие,from_file
0408198900,item,04081989,"прочие, включая замороженные","яичные желтки: > прочие: > прочие: > прочие, включая замороженные",from_file
0408912000,item,04089120,непригодные для употребления в пищу,сушеные: > непригодные для употребления в пищу,from_file
0408918000,item,04089180,прочие,сушеные: > прочие,from_file
0408992000,item,04089920,непригодные для употребления в пищу,"Яйца птиц без скорлупы и яичные желтки, свежие, сушеные, сваренные на пару или в кипящей воде, формованные, замороженные или консервированные другим способом, с добавлением или без добавления сахара или других подслащивающих веществ: > прочие: > прочие: > непригодные для употребления в пищу",from_file
0408998000,item,04089980,прочие,"Яйца птиц без скорлупы и яичные желтки, свежие, сушеные, сваренные на пару или в кипящей воде, формованные, замороженные или консервированные другим способом, с добавлением или без добавления сахара или других подслащивающих веществ: > прочие: > прочие: > прочие",from_file
0409000000,item,04090000,Мед натуральный,"Молочная продукция; яйца птиц; мед натуральный; пищевые продукты животного происхождения, в другом месте не поименованные или не включенные > Мед натуральный",from_file
0410100000,item,04101000,насекомые,"Насекомые и прочие пищевые продукты животного происхождения, в другом месте не поименованные или не включенные: (с 01.01.2022) > насекомые",from_file
0410900000,item,04109000,прочие,"Насекомые и прочие пищевые продукты животного происхождения, в другом месте не поименованные или не включенные: (с 01.01.2022) > прочие",from_file
1601001000,item,16010010,из печени,"Колбасы и аналогичные продукты из мяса, мясных субпродуктов, крови или насекомых; готовые пищевые продукты, изготовленные на их основе: > из печени",from_file
1601009101,item,16010091,"из мяса, мясных субпродуктов или крови","колбасы, сухие или пастообразные, сырые: (с 01.01.2022) > из мяса, мясных субпродуктов или крови",from_file
1601009109,item,16010091,прочие,"колбасы, сухие или пастообразные, сырые: (с 01.01.2022) > прочие",from_file
1601009901,item,16010099,"из мяса, мясных субпродуктов или крови","Колбасы и аналогичные продукты из мяса, мясных субпродуктов, крови или насекомых; готовые пищевые продукты, изготовленные на их основе: > прочие: > прочие: (с 01.01.2022) > из мяса, мясных субпродуктов или крови",from_file
1601009909,item,16010099,прочие,"Колбасы и аналогичные продукты из мяса, мясных субпродуктов, крови или насекомых; готовые пищевые продукты, изготовленные на их основе: > прочие: > прочие: (с 01.01.2022) > прочие",from_file
1602100010,item,16021000,для детей раннего возраста,гомогенизированные готовые продукты: > для детей раннего возраста,from_file
1602100091,item,16021000,"из мяса, мясных субпродуктов или крови","гомогенизированные готовые продукты: > прочие: (с 01.01.2022) > из мяса, мясных субпродуктов или крови",from_file
1602100099,item,16021000,прочие,гомогенизированные готовые продукты: > прочие: (с 01.01.2022) > прочие,from_file
1602201000,item,16022010,гусиной и утиной печени,"Готовые или консервированные продукты из мяса, мясных субпродуктов, крови или насекомых прочие: > из печени любых животных: > гусиной и утиной печени",from_file
1602209000,item,16022090,прочие,"Готовые или консервированные продукты из мяса, мясных субпродуктов, крови или насекомых прочие: > из печени любых животных: > прочие",from_file
1602311100,item,16023111,содержащие исключительно сырое мясо индейки,"Готовые или консервированные продукты из мяса, мясных субпродуктов, крови или насекомых прочие: > из домашней птицы товарной позиции 0105: > из индейки: > содержащие 57 мас.% или более мяса домашней птицы или субпродуктов: > содержащие исключительно сырое мясо индейки",from_file
1602311900,item,16023119,прочие,"Готовые или консервированные продукты из мяса, мясных субпродуктов, крови или насекомых прочие: > из домашней птицы товарной позиции 0105: > из индейки: > содержащие 57 мас.% или более мяса домашней птицы или субпродуктов: > прочие",from_file
1602318000,item,16023180,прочие,"Готовые или консервированные продукты из мяса, мясных субпродуктов, крови или насекомых прочие: > из домашней птицы товарной позиции 0105: > из индейки: > прочие",from_file
1602321100,item,16023211,сырого,"Готовые или консервированные продукты из мяса, мясных субпродуктов, крови или насекомых прочие: > из домашней птицы товарной позиции 0105: > из кур домашних (Gallus domesticus): > содержащие 57 мас.% или более мяса домашней птицы или субпродуктов: > сырого",from_file
1602321900,item,16023219,прочего,"Готовые или консервированные продукты из мяса, мясных субпродуктов, крови или насекомых прочие: > из домашней птицы товарной позиции 0105: > из кур домашних (Gallus domesticus): > содержащие 57 мас.% или более мяса домашней птицы или субпродуктов: > прочего",from_file
1602323000,item,16023230,"содержащие 25 мас.% или более, но менее 57 мас.% мяса домашней птицы или субпродуктов","Готовые или консервированные продукты из мяса, мясных субпродуктов, крови или насекомых прочие: > из домашней птицы товарной позиции 0105: > из кур домашних (Gallus domesticus): > содержащие 25 мас.% или более, но менее 57 мас.% мяса домашней птицы или субпродуктов",from_file
1602329000,item,16023290,прочие,"Готовые или консервированные продукты из мяса, мясных субпродуктов, крови или насекомых прочие: > из домашней птицы товарной позиции 0105: > из кур домашних (Gallus domesticus): > прочие",from_file
1602392100,item,16023921,сырого,"Готовые или консервированные продукты из мяса, мясных субпродуктов, крови или насекомых прочие: > из домашней птицы товарной позиции 0105: > прочие: > содержащие 57 мас.% или более мяса домашней птицы или субпродуктов: > сырого",from_file
1602392900,item,16023929,прочего,"Готовые или консервированные продукты из мяса, мясных субпродуктов, крови или насекомых прочие: > из домашней птицы товарной позиции 0105: > прочие: > содержащие 57 мас.% или более мяса домашней птицы или субпродуктов: > прочего",from_file
1602398500,item,16023985,прочие,"Готовые или консервированные продукты из мяса, мясных субпродуктов, крови или насекомых прочие: > из домашней птицы товарной позиции 0105: > прочие: > прочие",from_file
1602411000,item,16024110,домашней свиньи,окорока и их отруба: > домашней свиньи,from_file
1602419000,item,16024190,прочие,окорока и их отруба: > прочие,from_file
1602421000,item,16024210,домашней свиньи,лопаточная часть и ее отруба: > домашней свиньи,from_file
1602429000,item,16024290,прочие,лопаточная часть и ее отруба: > прочие,from_file
1602491100,item,16024911,"филейные части (исключая шейные части) и их отруба, включая смеси филейных частей или окороков","Готовые или консервированные продукты из мяса, мясных субпродуктов, крови или насекомых прочие: > из свинины: > прочие, включая смеси: > из домашней свиньи: > содержащие 80 мас.% или более мяса или мясных субпродуктов любого вида, включая жиры любого вида или происхождения: > филейные части (исключая шейные части) и их отруба, включая смеси филейных частей или окороков",from_file
1602491300,item,16024913,"шейные части и их отруба, включая смеси шейных и лопаточных частей","Готовые или консервированные продукты из мяса, мясных субпродуктов, крови или насекомых прочие: > из свинины: > прочие, включая смеси: > из домашней свиньи: > содержащие 80 мас.% или более мяса или мясных субпродуктов любого вида, включая жиры любого вида или происхождения: > шейные части и их отруба, включая смеси шейных и лопаточных частей",from_file
1602491500,item,16024915,"прочие смеси, содержащие окорока, лопаточные части, филейные части или шейные части и их отруба","Готовые или консервированные продукты из мяса, мясных субпродуктов, крови или насекомых прочие: > из свинины: > прочие, включая смеси: > из домашней свиньи: > содержащие 80 мас.% или более мяса или мясных субпродуктов любого вида, включая жиры любого вида или происхождения: > прочие смеси, содержащие окорока, лопаточные части, филейные части или шейные части и их отруба",from_file
1602491900,item,16024919,прочие,"Готовые или консервированные продукты из мяса, мясных субпродуктов, крови или насекомых прочие: > из свинины: > прочие, включая смеси: > из домашней свиньи: > содержащие 80 мас.% или более мяса или мясных субпродуктов любого вида, включая жиры любого вида или происхождения: > прочие",from_file
1602493000,item,16024930,"содержащие 40 мас.% или более, но менее 80 мас.% мяса или мясных субпродуктов любого вида, включая жиры любого вида или происхождения","Готовые или консервированные продукты из мяса, мясных субпродуктов, крови или насекомых прочие: > из свинины: > прочие, включая смеси: > из домашней свиньи: > содержащие 40 мас.% или более, но менее 80 мас.% мяса или мясных субпродуктов любого вида, включая жиры любого вида или происхождения",from_file
1602495000,item,16024950,"содержащие менее 40 мас.% мяса или мясных субпродуктов любого вида, включая жиры любого вида или происхождения","Готовые или консервированные продукты из мяса, мясных субпродуктов, крови или насекомых прочие: > из свинины: > прочие, включая смеси: > из домашней свиньи: > содержащие менее 40 мас.% мяса или мясных субпродуктов любого вида, включая жиры любого вида или происхождения",from_file
1602499000,item,16024990,прочие,"Готовые или консервированные продукты из мяса, мясных субпродуктов, крови или насекомых прочие: > из свинины: > прочие, включая смеси: > прочие",from_file
1602501000,item,16025010,сырые; смеси отварного мяса или субпродуктов и сырого мяса или субпродуктов,"Готовые или консервированные продукты из мяса, мясных субпродуктов, крови или насекомых прочие: > из мяса крупного рогатого скота: > сырые; смеси отварного мяса или субпродуктов и сырого мяса или субпродуктов",from_file
1602503101,item,16025031,в герметичных контейнерах,солонина: > в герметичных контейнерах,from_file
1602503109,item,16025031,прочая,солонина: > прочая,from_file
1602509501,item,16025095,в герметичных контейнерах,"Готовые или консервированные продукты из мяса, мясных субпродуктов, крови или насекомых прочие: > из мяса крупного рогатого скота: > прочие: > прочие: > в герметичных контейнерах",from_file
1602509509,item,16025095,прочие,"Готовые или консервированные продукты из мяса, мясных субпродуктов, крови или насекомых прочие: > из мяса крупного рогатого скота: > прочие: > прочие: > прочие",from_file
1602901000,item,16029010,продукты из крови любых животных,"Готовые или консервированные продукты из мяса, мясных субпродуктов, крови или насекомых прочие: > прочие, включая готовые продукты из крови любых животных: > продукты из крови любых животных",from_file
1602903100,item,16029031,из дичи или кролика,"Готовые или консервированные продукты из мяса, мясных субпродуктов, крови или насекомых прочие: > прочие, включая готовые продукты из крови любых животных: > прочие: > из дичи или кролика",from_file
1602905100,item,16029051,содержащие мясо или мясные субпродукты из домашней свиньи,"Готовые или консервированные продукты из мяса, мясных субпродуктов, крови или насекомых прочие: > прочие, включая готовые продукты из крови любых животных: > прочие: > прочие: > содержащие мясо или мясные субпродукты из домашней свиньи",from_file
1602906100,item,16029061,сырые; смеси отварного мяса или субпродуктов и сырого мяса или субпродуктов,"Готовые или консервированные продукты из мяса, мясных субпродуктов, крови или насекомых прочие: > прочие, включая готовые продукты из крови любых животных: > прочие: > прочие: > прочие: > содержащие мясо крупного рогатого скота или субпродукты: > сырые; смеси отварного мяса или субпродуктов и сырого мяса или субпродуктов",from_file
1602906900,item,16029069,прочие,"Готовые или консервированные продукты из мяса, мясных субпродуктов, крови или насекомых прочие: > прочие, включая готовые продукты из крови любых животных: > прочие: > прочие: > прочие: > содержащие мясо крупного рогатого скота или субпродукты: > прочие",from_file
1602909100,item,16029091,из баранины,"Готовые или консервированные продукты из мяса, мясных субпродуктов, крови или насекомых прочие: > прочие, включая готовые продукты из крови любых животных: > прочие: > прочие: > прочие: > прочие: > из баранины",from_file
1602909500,item,16029095,из козлятины,"Готовые или консервированные продукты из мяса, мясных субпродуктов, крови или насекомых прочие: > прочие, включая готовые продукты из крови любых животных: > прочие: > прочие: > прочие: > прочие: > из козлятины",from_file
1602909901,item,16029099,из насекомых,"Готовые или консервированные продукты из мяса, мясных субпродуктов, крови или насекомых прочие: > прочие, включая готовые продукты из крови любых животных: > прочие: > прочие: > прочие: > прочие: > прочие: (с 01.01.2022) > из насекомых",from_file
1602909909,item,16029099,прочие,"Готовые или консервированные продукты из мяса, мясных субпродуктов, крови или насекомых прочие: > прочие, включая готовые продукты из крови любых животных: > прочие: > прочие: > прочие: > прочие: > прочие: (с 01.01.2022) > прочие",from_file
1603001000,item,16030010,в первичных упаковках нетто-массой 1 кг или менее,"Экстракты и соки из мяса, рыбы или ракообразных, моллюсков или прочих водных беспозвоночных: > в первичных упаковках нетто-массой 1 кг или менее",from_file
1603008000,item,16030080,прочие,"Экстракты и соки из мяса, рыбы или ракообразных, моллюсков или прочих водных беспозвоночных: > прочие",from_file
1604110000,item,16041100,лосось,"рыба целиком или в кусках, но нефаршированная: > лосось",from_file
1604121000,item,16041210,"филе, сырое, в тесте или панировке, не обжаренное или предварительно обжаренное в масле, замороженное","сельдь: > филе, сырое, в тесте или панировке, не обжаренное или предварительно обжаренное в масле, замороженное",from_file
1604129100,item,16041291,в герметичных упаковках,сельдь: > прочая: > в герметичных упаковках,from_file
1604129900,item,16041299,прочая,сельдь: > прочая: > прочая,from_file
1604131100,item,16041311,в оливковом масле,сардины: > в оливковом масле,from_file
1604131900,item,16041319,прочие,сардины: > прочие,from_file
1604139000,item,16041390,прочие,"сардины, сардинелла, килька или шпроты: > прочие",from_file
1604142100,item,16041421,в растительном масле,тунец полосатый (скипджек): > в растительном масле,from_file
1604142600,item,16041426,"филе, известное как ""коpды, или балык""","тунец полосатый (скипджек): > прочий: (с 01.01.2014) > филе, известное как ""коpды, или балык""",from_file
1604142800,item,16041428,прочий,тунец полосатый (скипджек): > прочий: (с 01.01.2014) > прочий,from_file
1604143100,item,16041431,в растительном масле,желтоперый тунец (Thunnus albacares): > в растительном масле,from_file
1604143600,item,16041436,"филе, известное как ""коpды, или балык""","желтоперый тунец (Thunnus albacares): > прочий: (с 01.01.2017) > филе, известное как ""коpды, или балык""",from_file
1604143800,item,16041438,прочий,желтоперый тунец (Thunnus albacares): > прочий: (с 01.01.2017) > прочий,from_file
1604144100,item,16041441,в растительном масле,"тунец, тунец полосатый (скипджек): > прочий: > в растительном масле",from_file
1604144600,item,16041446,"филе, известное как ""коpды, или балык""","тунец, тунец полосатый (скипджек): > прочий: > прочий: (с 01.01.2017) > филе, известное как ""коpды, или балык""",from_file
1604144800,item,16041448,пpочий,"тунец, тунец полосатый (скипджек): > прочий: > прочий: (с 01.01.2017) > пpочий",from_file
1604149000,item,16041490,пеламида (Sarda spp.),"тунец, тунец полосатый (скипджек) и пеламида (Sarda spp.): > пеламида (Sarda spp.)",from_file
1604151100,item,16041511,филе,видов Scomber scombrus и Scomber japonicus: > филе,from_file
1604151900,item,16041519,прочая,видов Scomber scombrus и Scomber japonicus: > прочая,from_file
1604159000,item,16041590,вида Scomber australasicus,скумбpия: > вида Scomber australasicus,from_file
1604160000,item,16041600,анчоусы,"рыба целиком или в кусках, но нефаршированная: > анчоусы",from_file
1604170000,item,16041700,угорь,"рыба целиком или в кусках, но нефаршированная: > угорь",from_file
1604180000,item,16041800,плавники акульи,"рыба целиком или в кусках, но нефаршированная: > плавники акульи",from_file
1604191000,item,16041910,"лососевые, кроме лосося","рыба целиком или в кусках, но нефаршированная: > прочая: > лососевые, кроме лосося",from_file
1604193100,item,16041931,"филе, известное как ""коpды, или балык""","рыба рода Euthynnus, кроме тунца полосатого (скипджека, полосатого бонито) (Katsuwonus pelamis): > филе, известное как ""коpды, или балык""",from_file
1604193900,item,16041939,прочая,"рыба рода Euthynnus, кроме тунца полосатого (скипджека, полосатого бонито) (Katsuwonus pelamis): > прочая",from_file
1604195000,item,16041950,рыба вида Orcynopsis unicolor,"рыба целиком или в кусках, но нефаршированная: > прочая: > рыба вида Orcynopsis unicolor",from_file
1604199100,item,16041991,"филе, сырое, в тесте или панировке, не обжаренное или предварительно обжаренное в масле, замороженное","рыба целиком или в кусках, но нефаршированная: > прочая: > прочая: > филе, сырое, в тесте или панировке, не обжаренное или предварительно обжаренное в масле, замороженное",from_file
1604199200,item,16041992,"треска (Gadus morhua, Gadus ogac, Gadus macrocephalus)","рыба целиком или в кусках, но нефаршированная: > прочая: > прочая: > прочая: > треска (Gadus morhua, Gadus ogac, Gadus macrocephalus)",from_file
1604199300,item,16041993,сайда (Pollachius virens),"рыба целиком или в кусках, но нефаршированная: > прочая: > прочая: > прочая: > сайда (Pollachius virens)",from_file
1604199400,item,16041994,меpлуза (Merluccius spp.) и американский нитеперый налим (Urophycis spp.),"рыба целиком или в кусках, но нефаршированная: > прочая: > прочая: > прочая: > меpлуза (Merluccius spp.) и американский нитеперый налим (Urophycis spp.)",from_file
1604199500,item,16041995,минтай (Theragra chalcogramma) и серебристая сайда (Pollachius pollachius),"рыба целиком или в кусках, но нефаршированная: > прочая: > прочая: > прочая: > минтай (Theragra chalcogramma) и серебристая сайда (Pollachius pollachius)",from_file
1604199710,item,16041997,осетровые,"рыба целиком или в кусках, но нефаршированная: > прочая: > прочая: > прочая: > прочая: > осетровые",from_file
1604199780,item,16041997,прочая,"рыба целиком или в кусках, но нефаршированная: > прочая: > прочая: > прочая: > прочая: > прочая",from_file
1604200500,item,16042005,готовые продукты из суpими,готовая или консервированная рыба прочая: > готовые продукты из суpими,from_file
1604201000,item,16042010,из лосося,готовая или консервированная рыба прочая: > прочая: > из лосося,from_file
1604203000,item,16042030,"из лососевых, кроме лосося","готовая или консервированная рыба прочая: > прочая: > из лососевых, кроме лосося",from_file
1604204000,item,16042040,из анчоусов,готовая или консервированная рыба прочая: > прочая: > из анчоусов,from_file
1604205000,item,16042050,"из сардин, пеламиды, скумбрий видов Scomber scombrus и Scomber japonicus, рыбы вида Orcynopsis unicolor","готовая или консервированная рыба прочая: > прочая: > из сардин, пеламиды, скумбрий видов Scomber scombrus и Scomber japonicus, рыбы вида Orcynopsis unicolor",from_file
1604207000,item,16042070,"из тунца, тунца полосатого (скипджека) или другой рыбы рода Euthynnus","готовая или консервированная рыба прочая: > прочая: > из тунца, тунца полосатого (скипджека) или другой рыбы рода Euthynnus",from_file
1604209010,item,16042090,из осетровых,готовая или консервированная рыба прочая: > прочая: > из прочей рыбы: > из осетровых,from_file
1604209090,item,16042090,из прочей рыбы,готовая или консервированная рыба прочая: > прочая: > из прочей рыбы: > из прочей рыбы,from_file
1604310000,item,16043100,икра осетровых,икра осетровых и заменители икры осетровых: > икра осетровых,from_file
1604320010,item,16043200,икра лососевых (красная икра),заменители икры осетровых: > икра лососевых (красная икра),from_file
1604320090,item,16043200,прочие,заменители икры осетровых: > прочие,from_file
1605100000,item,16051000,крабы,"Готовые или консервированные ракообразные, моллюски и прочие водные беспозвоночные: > крабы",from_file
1605211000,item,16052110,в первичных упаковках нетто-массой не более 2 кг,креветки: > в негерметичной упаковке: > в первичных упаковках нетто-массой не более 2 кг,from_file
1605219000,item,16052190,прочие,креветки: > в негерметичной упаковке: > прочие,from_file
1605290000,item,16052900,прочие,креветки: > прочие,from_file
1605301000,item,16053010,"мясо омаров, подвергнутое тепловой обработке, для производства омарного масла или омарных паштетов, паст, супов или соусов","омары: > мясо омаров, подвергнутое тепловой обработке, для производства омарного масла или омарных паштетов, паст, супов или соусов",from_file
1605309000,item,16053090,прочие,омары: > прочие,from_file
1605400001,item,16054000,"мясо криля, подвергнутое тепловой обработке, в первичных упаковках нетто-массой более 2 кг","Готовые или консервированные ракообразные, моллюски и прочие водные беспозвоночные: > прочие ракообразные: (с 29.12.2017) > мясо криля, подвергнутое тепловой обработке, в первичных упаковках нетто-массой более 2 кг",from_file
1605400009,item,16054000,прочие,"Готовые или консервированные ракообразные, моллюски и прочие водные беспозвоночные: > прочие ракообразные: (с 29.12.2017) > прочие",from_file
1605510000,item,16055100,устрицы,моллюски: > устрицы,from_file
1605520000,item,16055200,"гребешки, включая королевские гребешки","моллюски: > гребешки, включая королевские гребешки",from_file
1605531000,item,16055310,в герметичных упаковках,мидии: > в герметичных упаковках,from_file
1605539000,item,16055390,прочие,мидии: > прочие,from_file
1605540000,item,16055400,каракатицы и кальмары,моллюски: > каракатицы и кальмары,from_file
1605550000,item,16055500,осьминоги,моллюски: > осьминоги,from_file
1605560000,item,16055600,"клемы, сердцевидки и арки","моллюски: > клемы, сердцевидки и арки",from_file
1605570000,item,16055700,морские ушки,моллюски: > морские ушки,from_file
1605580000,item,16055800,"улитки, кроме морских","моллюски: > улитки, кроме морских",from_file
1605590000,item,16055900,прочие,моллюски: > прочие,from_file
1605610000,item,16056100,голотурии,"Готовые или консервированные ракообразные, моллюски и прочие водные беспозвоночные: > прочие водные беспозвоночные: > голотурии",from_file
1605620000,item,16056200,морские ежи,"Готовые или консервированные ракообразные, моллюски и прочие водные беспозвоночные: > прочие водные беспозвоночные: > морские ежи",from_file
1605630000,item,16056300,медузы,"Готовые или консервированные ракообразные, моллюски и прочие водные беспозвоночные: > прочие водные беспозвоночные: > медузы",from_file
1605690000,item,16056900,прочие,"Готовые или консервированные ракообразные, моллюски и прочие водные беспозвоночные: > прочие водные беспозвоночные: > прочие",from_file
2101110011,item,21011100,в первичных упаковках нетто- массой не более 3 кг,кофе растворимый порошкообразный: > в первичных упаковках нетто- массой не более 3 кг,from_file
2101110012,item,21011100,прочий,кофе растворимый порошкообразный: > прочий,from_file
2101110013,item,21011100,в первичных упаковках нетто- массой не более 3 кг,кофе растворимый гранулированный: > в первичных упаковках нетто- массой не более 3 кг,from_file
2101110014,item,21011100,прочий,кофе растворимый гранулированный: > прочий,from_file
2101110015,item,21011100,в первичных упаковках нетто- массой не более 3 кг,кофе растворимый сублимированный: > в первичных упаковках нетто- массой не более 3 кг,from_file
2101110016,item,21011100,прочий,кофе растворимый сублимированный: > прочий,from_file
2101110017,item,21011100,в первичных упаковках нетто- массой не более 3 кг,"экстракты и концентраты кофе твердые, с содержанием сухого вещества на основе кофе 95 мас.% или более: > прочие: > в первичных упаковках нетто- массой не более 3 кг",from_file
2101110018,item,21011100,прочие,"экстракты и концентраты кофе твердые, с содержанием сухого вещества на основе кофе 95 мас.% или более: > прочие: > прочие",from_file
2101110092,item,21011100,в первичных упаковках нетто- массой не более 3 кг,"экстракты, эссенции и концентраты: > прочие: > с содержанием сухого вещества на основе кофе 95 мас.% или более: > в первичных упаковках нетто- массой не более 3 кг",from_file
2101110093,item,21011100,прочие,"экстракты, эссенции и концентраты: > прочие: > с содержанием сухого вещества на основе кофе 95 мас.% или более: > прочие",from_file
2101110097,item,21011100,в первичных упаковках нетто- массой не более 3 кг,"экстракты, эссенции и концентраты: > прочие: > прочие: > в первичных упаковках нетто- массой не более 3 кг",from_file
2101110098,item,21011100,прочие,"экстракты, эссенции и концентраты: > прочие: > прочие: > прочие",from_file
2101129201,item,21011292,в первичных упаковках нетто- массой не более 3 кг,"готовые продукты на основе этих экстрактов, эссенций или концентратов кофе: > в первичных упаковках нетто- массой не более 3 кг",from_file
2101129209,item,21011292,прочие,"готовые продукты на основе этих экстрактов, эссенций или концентратов кофе: > прочие",from_file
2101129801,item,21011298,в первичных упаковках нетто- массой не более 3 кг,"готовые продукты на основе этих экстрактов, эссенций или концентратов или на основе кофе: > прочие: > в первичных упаковках нетто- массой не более 3 кг",from_file
2101129809,item,21011298,прочие,"готовые продукты на основе этих экстрактов, эссенций или концентратов или на основе кофе: > прочие: > прочие",from_file
2101202000,item,21012020,"экстракты, эссенции или концентраты","экстракты, эссенции и концентраты чая или мате, или парагвайского чая, и готовые продукты на их основе или на основе чая или мате, или парагвайского чая: > экстракты, эссенции или концентраты",from_file
2101209200,item,21012092,"на основе экстрактов, эссенций или концентратов чая или мате, или парагвайского чая","готовые продукты: > на основе экстрактов, эссенций или концентратов чая или мате, или парагвайского чая",from_file
2101209800,item,21012098,прочие,готовые продукты: > прочие,from_file
2101301100,item,21013011,обжаренный цикорий,обжаренный цикорий и прочие обжаренные заменители кофе: > обжаренный цикорий,from_file
2101301900,item,21013019,прочие,обжаренный цикорий и прочие обжаренные заменители кофе: > прочие,from_file
2101309100,item,21013091,обжаренного цикория,"экстракты, эссенции и концентраты обжаренного цикория и прочих обжаренных заменителей кофе: > обжаренного цикория",from_file
2101309900,item,21013099,прочих,"экстракты, эссенции и концентраты обжаренного цикория и прочих обжаренных заменителей кофе: > прочих",from_file
2102101000,item,21021010,дрожжи культуральные,дрожжи активные: > дрожжи культуральные,from_file
2102103100,item,21021031,сухие,дрожжи пекарные: > сухие,from_file
2102103900,item,21021039,прочие,дрожжи пекарные: > прочие,from_file
2102109000,item,21021090,прочие,дрожжи активные: > прочие,from_file
2102201100,item,21022011,"в виде таблеток, кубиков или в аналогичной форме, или в первичных упаковках нетто-массой не более 1 кг","дрожжи неактивные: > в виде таблеток, кубиков или в аналогичной форме, или в первичных упаковках нетто-массой не более 1 кг",from_file
2102201900,item,21022019,прочие,дрожжи неактивные: > прочие,from_file
2102209000,item,21022090,прочие,дрожжи неактивные; прочие мертвые одноклеточные микроорганизмы: > прочие,from_file
2102300000,item,21023000,порошки пекарные готовые,Дрожжи (активные или неактивные); прочие мертвые одноклеточные микроорганизмы (кроме вакцин товарной позиции 3002); готовые пекарные порошки: > порошки пекарные готовые,from_file
2103100000,item,21031000,соус соевый,Продукты для приготовления соусов и готовые соусы; вкусовые добавки и приправы смешанные; горчичный порошок и готовая горчица: > соус соевый,from_file
2103200000,item,21032000,кетчуп томатный и прочие томатные соусы,Продукты для приготовления соусов и готовые соусы; вкусовые добавки и приправы смешанные; горчичный порошок и готовая горчица: > кетчуп томатный и прочие томатные соусы,from_file
2103301000,item,21033010,горчичный порошок,горчичный порошок и готовая горчица: > горчичный порошок,from_file
2103309000,item,21033090,горчица готовая,горчичный порошок и готовая горчица: > горчица готовая,from_file
2103901000,item,21039010,манговое чутни жидкое,Продукты для приготовления соусов и готовые соусы; вкусовые добавки и приправы смешанные; горчичный порошок и готовая горчица: > прочие: > манговое чутни жидкое,from_file
2103903000,item,21039030,"ароматические горечи, содержащие 44,2 - 49,2 об.% спирта и 1,5 - 6 мас.% горечавки, специй и различных ингредиентов и содержащие 4 - 10% сахара, в емкостях 0,5 л или менее","Продукты для приготовления соусов и готовые соусы; вкусовые добавки и приправы смешанные; горчичный порошок и готовая горчица: > прочие: > ароматические горечи, содержащие 44,2 - 49,2 об.% спирта и 1,5 - 6 мас.% горечавки, специй и различных ингредиентов и содержащие 4 - 10% сахара, в емкостях 0,5 л или менее",from_file
2103909001,item,21039090,соус майонез,Продукты для приготовления соусов и готовые соусы; вкусовые добавки и приправы смешанные; горчичный порошок и готовая горчица: > прочие: > прочие: > соус майонез,from_file
2103909009,item,21039090,прочие,Продукты для приготовления соусов и готовые соусы; вкусовые добавки и приправы смешанные; горчичный порошок и готовая горчица: > прочие: > прочие: > прочие,from_file
2104100000,item,21041000,супы и бульоны готовые и заготовки для их приготовления,Супы и бульоны готовые и заготовки для их приготовления; гомогенизированные составные готовые пищевые продукты: > супы и бульоны готовые и заготовки для их приготовления,from_file
2104200010,item,21042000,для детей раннего возраста,гомогенизированные составные готовые пищевые продукты: > для детей раннего возраста,from_file
2104200090,item,21042000,прочие,гомогенизированные составные готовые пищевые продукты: > прочие,from_file
2105001000,item,21050010,не содержащие молочных жиров или содержащие менее 3 мас.% молочных жиров,"Мороженое и прочие виды пищевого льда, не содержащие или содержащие какао: > не содержащие молочных жиров или содержащие менее 3 мас.% молочных жиров",from_file
2105009100,item,21050091,"3 мас.% или более, но менее 7 мас.%","Мороженое и прочие виды пищевого льда, не содержащие или содержащие какао: > содержащие молочные жиры: > 3 мас.% или более, но менее 7 мас.%",from_file
2105009900,item,21050099,7 мас.% или более,"Мороженое и прочие виды пищевого льда, не содержащие или содержащие какао: > содержащие молочные жиры: > 7 мас.% или более",from_file
2106102000,item,21061020,"не содержащие молочных жиров, сахарозы, изоглюкозы, глюкозы или крахмала или содержащие менее 1,5 мас.% молочного жира, 5 мас.% сахарозы или изоглюкозы, 5 мас.% глюкозы или крахмала","белковые концентраты и текстурированные белковые вещества: > не содержащие молочных жиров, сахарозы, изоглюкозы, глюкозы или крахмала или содержащие менее 1,5 мас.% молочного жира, 5 мас.% сахарозы или изоглюкозы, 5 мас.% глюкозы или крахмала",from_file
2106108000,item,21061080,прочие,белковые концентраты и текстурированные белковые вещества: > прочие,from_file
2106902000,item,21069020,"составные спиртовые полуфабрикаты, кроме продуктов на основе душистых веществ, используемые при производстве напитков","Пищевые продукты, в другом месте не поименованные или не включенные: > прочие: > составные спиртовые полуфабрикаты, кроме продуктов на основе душистых веществ, используемые при производстве напитков",from_file
2106904000,item,21069040,сиропы изоглюкозы,сахарные сиропы со вкусо- ароматическими или красящими добавками: > сиропы изоглюкозы,from_file
2106905200,item,21069052,сироп лактозы,сахарные сиропы со вкусо- ароматическими или красящими добавками: > прочие: > сироп лактозы,from_file
2106905400,item,21069054,сироп глюкозы и сироп мальтодекстрина,сахарные сиропы со вкусо- ароматическими или красящими добавками: > прочие: > сироп глюкозы и сироп мальтодекстрина,from_file
2106905800,item,21069058,прочие,сахарные сиропы со вкусо- ароматическими или красящими добавками: > прочие: > прочие,from_file
2106909300,item,21069093,"не содержащие молочных жиров, сахарозы, изоглюкозы, глюкозы или крахмала или содержащие менее 1,5 мас.% молочного жира, 5 мас.% сахарозы или изоглюкозы, 5 мас.% глюкозы или крахмала","Пищевые продукты, в другом месте не поименованные или не включенные: > прочие: > прочие: > не содержащие молочных жиров, сахарозы, изоглюкозы, глюкозы или крахмала или содержащие менее 1,5 мас.% молочного жира, 5 мас.% сахарозы или изоглюкозы, 5 мас.% глюкозы или крахмала",from_file
2106909801,item,21069098,жевательная резинка без сахара (сахарозы) и/или с использованием заменителя сахара,"Пищевые продукты, в другом месте не поименованные или не включенные: > прочие: > прочие: > прочие: > жевательная резинка без сахара (сахарозы) и/или с использованием заменителя сахара",from_file
2106909802,item,21069098,жевательная резинка без сахара (полуфабрикат),"Пищевые продукты, в другом месте не поименованные или не включенные: > прочие: > прочие: > прочие: > жевательная резинка без сахара (полуфабрикат)",from_file
2106909803,item,21069098,"смеси витаминов и минеральных веществ, предназначенные для сбалансированного дополнения к питанию","Пищевые продукты, в другом месте не поименованные или не включенные: > прочие: > прочие: > прочие: > смеси витаминов и минеральных веществ, предназначенные для сбалансированного дополнения к питанию",from_file
2106909804,item,21069098,"пригодные для употребления в пищу смеси или готовые продукты из жиров или масел животного или растительного происхождения или их фракций, содержащие более 15 мас.% молочных жиров","Пищевые продукты, в другом месте не поименованные или не включенные: > прочие: > прочие: > прочие: > пригодные для употребления в пищу смеси или готовые продукты из жиров или масел животного или растительного происхождения или их фракций, содержащие более 15 мас.% молочных жиров",from_file
2106909805,item,21069098,сырное фондю,"Пищевые продукты, в другом месте не поименованные или не включенные: > прочие: > прочие: > прочие: > сырное фондю",from_file
3001201000,item,30012010,человеческого происхождения,экстракты желез или прочих органов или их секретов: > человеческого происхождения,from_file
3001209000,item,30012090,прочие,экстракты желез или прочих органов или их секретов: > прочие,from_file
3001902000,item,30019020,человеческого происхождения,"Железы и прочие органы, предназначенные для органотерапии, высушенные, не измельченные или измельченные, в том числе в порошок; экстракты желез или прочих органов или их секретов, предназначенные для органотерапии; гепарин и его соли; прочие вещества человеческого или животного происхождения, подготовленные для использования в терапевтических или профилактических целях, в другом месте не поименованные или не включенные: > прочие: > человеческого происхождения",from_file
3001909100,item,30019091,гепарин и его соли,"Железы и прочие органы, предназначенные для органотерапии, высушенные, не измельченные или измельченные, в том числе в порошок; экстракты желез или прочих органов или их секретов, предназначенные для органотерапии; гепарин и его соли; прочие вещества человеческого или животного происхождения, подготовленные для использования в терапевтических или профилактических целях, в другом месте не поименованные или не включенные: > прочие: > прочие: > гепарин и его соли",from_file
3001909800,item,30019098,прочие,"Железы и прочие органы, предназначенные для органотерапии, высушенные, не измельченные или измельченные, в том числе в порошок; экстракты желез или прочих органов или их секретов, предназначенные для органотерапии; гепарин и его соли; прочие вещества человеческого или животного происхождения, подготовленные для использования в терапевтических или профилактических целях, в другом месте не поименованные или не включенные: > прочие: > прочие: > прочие",from_file
3002120001,item,30021200,против яда змей,сыворотки иммунные: (с 01.01.2017) > против яда змей,from_file
3002120002,item,30021200,прочие,сыворотки иммунные: (с 01.01.2017) > прочие,from_file
3002120003,item,30021200,"гемоглобин, глобулины крови и сывороточные глобулины","сыворотки иммунные и фракции крови прочие: (с 01.01.2017) > прочие: (с 01.01.2017) > гемоглобин, глобулины крови и сывороточные глобулины",from_file
3002120004,item,30021200,факторы свертываемости крови,человеческого происхождения: (с 01.01.2017) > факторы свертываемости крови,from_file
3002120005,item,30021200,прочие,человеческого происхождения: (с 01.01.2017) > прочие,from_file
3002120009,item,30021200,прочие,сыворотки иммунные и фракции крови прочие: (с 01.01.2017) > прочие: (с 01.01.2017) > прочие: (с 01.01.2017) > прочие,from_file
3002130000,item,30021300,"иммунологические продукты, несмешанные, не расфасованные в виде дозированных лекарственных форм или в формы или упаковки для розничной продажи","сыворотки иммунные, фракции крови прочие и иммунологические продукты, модифицированные или немодифицированные, в том числе полученные методами биотехнологии: > иммунологические продукты, несмешанные, не расфасованные в виде дозированных лекарственных форм или в формы или упаковки для розничной продажи",from_file
3002140000,item,30021400,"иммунологические продукты, смешанные, не расфасованные в виде дозированных лекарственных форм или в формы или упаковки для розничной продажи","сыворотки иммунные, фракции крови прочие и иммунологические продукты, модифицированные или немодифицированные, в том числе полученные методами биотехнологии: > иммунологические продукты, смешанные, не расфасованные в виде дозированных лекарственных форм или в формы или упаковки для розничной продажи",from_file
3002150000,item,30021500,"иммунологические продукты, расфасованные в виде дозированных лекарственных форм или в формы или упаковки для розничной продажи","сыворотки иммунные, фракции крови прочие и иммунологические продукты, модифицированные или немодифицированные, в том числе полученные методами биотехнологии: > иммунологические продукты, расфасованные в виде дозированных лекарственных форм или в формы или упаковки для розничной продажи",from_file
3002410000,item,30024100,вакцины для людей,"вакцины, токсины, культуры микроорганизмов (кроме дрожжей) и аналогичные продукты: (с 01.01.2022) > вакцины для людей",from_file
3002420000,item,30024200,вакцины ветеринарные,"вакцины, токсины, культуры микроорганизмов (кроме дрожжей) и аналогичные продукты: (с 01.01.2022) > вакцины ветеринарные",from_file
3002490001,item,30024900,культуры микроорганизмов,"вакцины, токсины, культуры микроорганизмов (кроме дрожжей) и аналогичные продукты: (с 01.01.2022) > прочие: (с 01.01.2022) > культуры микроорганизмов",from_file
3002490009,item,30024900,прочие,"вакцины, токсины, культуры микроорганизмов (кроме дрожжей) и аналогичные продукты: (с 01.01.2022) > прочие: (с 01.01.2022) > прочие",from_file
3002510000,item,30025100,продукты для клеточной терапии,"клеточные культуры, модифицированные или немодифицированные: (с 01.01.2022) > продукты для клеточной терапии",from_file
3002590000,item,30025900,прочие,"клеточные культуры, модифицированные или немодифицированные: (с 01.01.2022) > прочие",from_file
3002901000,item,30029010,кровь человеческая,"Кровь человеческая; кровь животных, приготовленная для использования в терапевтических, профилактических или диагностических целях; сыворотки иммунные, фракции крови прочие и иммунологические продукты, модифицированные или немодифицированные, в том числе полученные методами биотехнологии; вакцины, токсины, культуры микроорганизмов (кроме дрожжей) и аналогичные продукты; клеточные культуры, модифицированные или немодифицированные: > прочие: > кровь человеческая",from_file
3002903000,item,30029030,"кровь животных, приготовленная для использования в терапевтических, профилактических или диагностических целях","Кровь человеческая; кровь животных, приготовленная для использования в терапевтических, профилактических или диагностических целях; сыворотки иммунные, фракции крови прочие и иммунологические продукты, модифицированные или немодифицированные, в том числе полученные методами биотехнологии; вакцины, токсины, культуры микроорганизмов (кроме дрожжей) и аналогичные продукты; клеточные культуры, модифицированные или немодифицированные: > прочие: > кровь животных, приготовленная для использования в терапевтических, профилактических или диагностических целях",from_file
3003100000,item,30031000,"содержащие пенициллины или их производные, имеющие структуру пенициллановой кислоты, или содержащие стрептомицины или их производные","Лекарственные средства (кроме товаров товарной позиции 3002, 3005 или 3006), состоящие из смеси двух или более компонентов, для использования в терапевтических или профилактических целях, но не расфасованные в виде дозированных лекарственных форм или в формы или упаковки для розничной продажи: > содержащие пенициллины или их производные, имеющие структуру пенициллановой кислоты, или содержащие стрептомицины или их производные",from_file
3003200000,item,30032000,"прочие, содержащие антибиотики","Лекарственные средства (кроме товаров товарной позиции 3002, 3005 или 3006), состоящие из смеси двух или более компонентов, для использования в терапевтических или профилактических целях, но не расфасованные в виде дозированных лекарственных форм или в формы или упаковки для розничной продажи: > прочие, содержащие антибиотики",from_file
3003310000,item,30033100,содержащие инсулин,"Лекарственные средства (кроме товаров товарной позиции 3002, 3005 или 3006), состоящие из смеси двух или более компонентов, для использования в терапевтических или профилактических целях, но не расфасованные в виде дозированных лекарственных форм или в формы или упаковки для розничной продажи: > прочие, содержащие гормоны или другие соединения товарной позиции 2937: > содержащие инсулин",from_file
3003390000,item,30033900,прочие,"Лекарственные средства (кроме товаров товарной позиции 3002, 3005 или 3006), состоящие из смеси двух или более компонентов, для использования в терапевтических или профилактических целях, но не расфасованные в виде дозированных лекарственных форм или в формы или упаковки для розничной продажи: > прочие, содержащие гормоны или другие соединения товарной позиции 2937: > прочие",from_file
3003410000,item,30034100,содержащие эфедрин или его соли,"Лекарственные средства (кроме товаров товарной позиции 3002, 3005 или 3006), состоящие из смеси двух или более компонентов, для использования в терапевтических или профилактических целях, но не расфасованные в виде дозированных лекарственных форм или в формы или упаковки для розничной продажи: > прочие, содержащие алкалоиды или их производные: (с 01.01.2017) > содержащие эфедрин или его соли",from_file
3003420000,item,30034200,содержащие псевдоэфедрин (INN) или его соли,"Лекарственные средства (кроме товаров товарной позиции 3002, 3005 или 3006), состоящие из смеси двух или более компонентов, для использования в терапевтических или профилактических целях, но не расфасованные в виде дозированных лекарственных форм или в формы или упаковки для розничной продажи: > прочие, содержащие алкалоиды или их производные: (с 01.01.2017) > содержащие псевдоэфедрин (INN) или его соли",from_file
3003430000,item,30034300,содержащие норэфедрин или его соли,"Лекарственные средства (кроме товаров товарной позиции 3002, 3005 или 3006), состоящие из смеси двух или более компонентов, для использования в терапевтических или профилактических целях, но не расфасованные в виде дозированных лекарственных форм или в формы или упаковки для розничной продажи: > прочие, содержащие алкалоиды или их производные: (с 01.01.2017) > содержащие норэфедрин или его соли",from_file
3003490000,item,30034900,прочие,"Лекарственные средства (кроме товаров товарной позиции 3002, 3005 или 3006), состоящие из смеси двух или более компонентов, для использования в терапевтических или профилактических целях, но не расфасованные в виде дозированных лекарственных форм или в формы или упаковки для розничной продажи: > прочие, содержащие алкалоиды или их производные: (с 01.01.2017) > прочие",from_file
3003600000,item,30036000,"прочие, содержащие противомалярийные активные (действующие) вещества, указанные в примечании к субпозициям 2 к данной группе","Лекарственные средства (кроме товаров товарной позиции 3002, 3005 или 3006), состоящие из смеси двух или более компонентов, для использования в терапевтических или профилактических целях, но не расфасованные в виде дозированных лекарственных форм или в формы или упаковки для розничной продажи: > прочие, содержащие противомалярийные активные (действующие) вещества, указанные в примечании к субпозициям 2 к данной группе",from_file
3003900000,item,30039000,прочие,"Лекарственные средства (кроме товаров товарной позиции 3002, 3005 или 3006), состоящие из смеси двух или более компонентов, для использования в терапевтических или профилактических целях, но не расфасованные в виде дозированных лекарственных форм или в формы или упаковки для розничной продажи: > прочие",from_file
3004100001,item,30041000,"содержащие в качестве основного действующего вещества только: ампициллина тригидрат или ампициллина натриевую соль, или бензилпенициллина соли и соединения, или карбенициллин, или оксациллин, или сулациллин (сультамициллин), или феноксиметилпенициллин","Лекарственные средства (кроме товаров товарной позиции 3002, 3005 или 3006), состоящие из смешанных или несмешанных продуктов, для использования в терапевтических или профилактических целях, расфасованные в виде дозированных лекарственных форм (включая лекарственные средства в форме трансдермальных систем) или в формы или упаковки для розничной продажи: > содержащие пенициллины или их производные, имеющие структуру пенициллановой кислоты, или содержащие стрептомицины или их производные: > содержащие в качестве основного действующего вещества только: пенициллины или их производные, имеющие структуру пенициллановой кислоты: > содержащие в качестве основного действующего вещества только: ампициллина тригидрат или ампициллина натриевую соль, или бензилпенициллина соли и соединения, или карбенициллин, или оксациллин, или сулациллин (сультамициллин), или феноксиметилпенициллин",from_file
3004100004,item,30041000,"расфасованные или представленные в виде дозированных лекарственных форм, но не упакованные для розничной продажи","Лекарственные средства (кроме товаров товарной позиции 3002, 3005 или 3006), состоящие из смешанных или несмешанных продуктов, для использования в терапевтических или профилактических целях, расфасованные в виде дозированных лекарственных форм (включая лекарственные средства в форме трансдермальных систем) или в формы или упаковки для розничной продажи: > содержащие пенициллины или их производные, имеющие структуру пенициллановой кислоты, или содержащие стрептомицины или их производные: > содержащие в качестве основного действующего вещества только: пенициллины или их производные, имеющие структуру пенициллановой кислоты: > прочие: > расфасованные или представленные в виде дозированных лекарственных форм, но не упакованные для розничной продажи",from_file
3004100005,item,30041000,прочие,"Лекарственные средства (кроме товаров товарной позиции 3002, 3005 или 3006), состоящие из смешанных или несмешанных продуктов, для использования в терапевтических или профилактических целях, расфасованные в виде дозированных лекарственных форм (включая лекарственные средства в форме трансдермальных систем) или в формы или упаковки для розничной продажи: > содержащие пенициллины или их производные, имеющие структуру пенициллановой кислоты, или содержащие стрептомицины или их производные: > содержащие в качестве основного действующего вещества только: пенициллины или их производные, имеющие структуру пенициллановой кислоты: > прочие: > прочие",from_file
3004100006,item,30041000,содержащие в качестве основного действующего вещества только стрептомицина сульфат,"расфасованные или представленные в виде дозированных лекарственных форм, но не упакованные для розничной продажи: > содержащие в качестве основного действующего вещества только стрептомицина сульфат",from_file
3004100007,item,30041000,прочие,"расфасованные или представленные в виде дозированных лекарственных форм, но не упакованные для розничной продажи: > прочие",from_file
3004100008,item,30041000,прочие,"Лекарственные средства (кроме товаров товарной позиции 3002, 3005 или 3006), состоящие из смешанных или несмешанных продуктов, для использования в терапевтических или профилактических целях, расфасованные в виде дозированных лекарственных форм (включая лекарственные средства в форме трансдермальных систем) или в формы или упаковки для розничной продажи: > содержащие пенициллины или их производные, имеющие структуру пенициллановой кислоты, или содержащие стрептомицины или их производные: > прочие: > прочие",from_file
3004200001,item,30042000,"содержащие в качестве основного действующего вещества только: амикацин или гентамицин, или гризеофульвин, или доксициклин, или доксорубицин, или канамицин, или кислоту фузидиевую и ее натриевую соль, или левомицетин (хлорамфеникол) и его соли, или линкомицин, или метациклин, или нистатин, или рифампицин, или цефазолин, или цефалексин, или цефалотин, или эритромицина основание","расфасованные в формы или упаковки для розничной продажи: > содержащие в качестве основного действующего вещества только: амикацин или гентамицин, или гризеофульвин, или доксициклин, или доксорубицин, или канамицин, или кислоту фузидиевую и ее натриевую соль, или левомицетин (хлорамфеникол) и его соли, или линкомицин, или метациклин, или нистатин, или рифампицин, или цефазолин, или цефалексин, или цефалотин, или эритромицина основание",from_file
3004200002,item,30042000,прочие,расфасованные в формы или упаковки для розничной продажи: > прочие,from_file
3004200004,item,30042000,содержащие в качестве основного действующего вещества только эритромицина основание или канамицина сульфат,"Лекарственные средства (кроме товаров товарной позиции 3002, 3005 или 3006), состоящие из смешанных или несмешанных продуктов, для использования в терапевтических или профилактических целях, расфасованные в виде дозированных лекарственных форм (включая лекарственные средства в форме трансдермальных систем) или в формы или упаковки для розничной продажи: > прочие, содержащие антибиотики: > прочие: > содержащие в качестве основного действующего вещества только эритромицина основание или канамицина сульфат",from_file
3004200008,item,30042000,прочие,"Лекарственные средства (кроме товаров товарной позиции 3002, 3005 или 3006), состоящие из смешанных или несмешанных продуктов, для использования в терапевтических или профилактических целях, расфасованные в виде дозированных лекарственных форм (включая лекарственные средства в форме трансдермальных систем) или в формы или упаковки для розничной продажи: > прочие, содержащие антибиотики: > прочие: > прочие",from_file
3004310000,item,30043100,содержащие инсулин,"Лекарственные средства (кроме товаров товарной позиции 3002, 3005 или 3006), состоящие из смешанных или несмешанных продуктов, для использования в терапевтических или профилактических целях, расфасованные в виде дозированных лекарственных форм (включая лекарственные средства в форме трансдермальных систем) или в формы или упаковки для розничной продажи: > прочие, содержащие гормоны или другие соединения товарной позиции 2937: > содержащие инсулин",from_file
3004320001,item,30043200,расфасованные в формы или упаковки для розничной продажи и содержащие в качестве основного действующего вещества только флуоцинолон,"Лекарственные средства (кроме товаров товарной позиции 3002, 3005 или 3006), состоящие из смешанных или несмешанных продуктов, для использования в терапевтических или профилактических целях, расфасованные в виде дозированных лекарственных форм (включая лекарственные средства в форме трансдермальных систем) или в формы или упаковки для розничной продажи: > прочие, содержащие гормоны или другие соединения товарной позиции 2937: > содержащие кортикостероидные гормоны, их производные или структурные аналоги: > расфасованные в формы или упаковки для розничной продажи и содержащие в качестве основного действующего вещества только флуоцинолон",from_file
3004320008,item,30043200,прочие,"Лекарственные средства (кроме товаров товарной позиции 3002, 3005 или 3006), состоящие из смешанных или несмешанных продуктов, для использования в терапевтических или профилактических целях, расфасованные в виде дозированных лекарственных форм (включая лекарственные средства в форме трансдермальных систем) или в формы или упаковки для розничной продажи: > прочие, содержащие гормоны или другие соединения товарной позиции 2937: > содержащие кортикостероидные гормоны, их производные или структурные аналоги: > прочие",from_file
3004390001,item,30043900,расфасованные в формы или упаковки для розничной продажи,"Лекарственные средства (кроме товаров товарной позиции 3002, 3005 или 3006), состоящие из смешанных или несмешанных продуктов, для использования в терапевтических или профилактических целях, расфасованные в виде дозированных лекарственных форм (включая лекарственные средства в форме трансдермальных систем) или в формы или упаковки для розничной продажи: > прочие, содержащие гормоны или другие соединения товарной позиции 2937: > прочие: > расфасованные в формы или упаковки для розничной продажи",from_file
3004390008,item,30043900,прочие,"Лекарственные средства (кроме товаров товарной позиции 3002, 3005 или 3006), состоящие из смешанных или несмешанных продуктов, для использования в терапевтических или профилактических целях, расфасованные в виде дозированных лекарственных форм (включая лекарственные средства в форме трансдермальных систем) или в формы или упаковки для розничной продажи: > прочие, содержащие гормоны или другие соединения товарной позиции 2937: > прочие: > прочие",from_file
3004410000,item,30044100,содержащие эфедрин или его соли,"Лекарственные средства (кроме товаров товарной позиции 3002, 3005 или 3006), состоящие из смешанных или несмешанных продуктов, для использования в терапевтических или профилактических целях, расфасованные в виде дозированных лекарственных форм (включая лекарственные средства в форме трансдермальных систем) или в формы или упаковки для розничной продажи: > прочие, содержащие алкалоиды или их производные: (с 01.01.2017) > содержащие эфедрин или его соли",from_file
3004420000,item,30044200,содержащие псевдоэфедрин (INN) или его соли,"Лекарственные средства (кроме товаров товарной позиции 3002, 3005 или 3006), состоящие из смешанных или несмешанных продуктов, для использования в терапевтических или профилактических целях, расфасованные в виде дозированных лекарственных форм (включая лекарственные средства в форме трансдермальных систем) или в формы или упаковки для розничной продажи: > прочие, содержащие алкалоиды или их производные: (с 01.01.2017) > содержащие псевдоэфедрин (INN) или его соли",from_file
3004430000,item,30044300,содержащие норэфедрин или его соли,"Лекарственные средства (кроме товаров товарной позиции 3002, 3005 или 3006), состоящие из смешанных или несмешанных продуктов, для использования в терапевтических или профилактических целях, расфасованные в виде дозированных лекарственных форм (включая лекарственные средства в форме трансдермальных систем) или в формы или упаковки для розничной продажи: > прочие, содержащие алкалоиды или их производные: (с 01.01.2017) > содержащие норэфедрин или его соли",from_file
3004490001,item,30044900,"расфасованные в формы или упаковки для розничной продажи и содержащие в качестве основного действующего вещества только: кофеин-бензоат натрия или ксантинола никотинат, или папаверин, или пилокарпин, или теобромин, или теофиллин","Лекарственные средства (кроме товаров товарной позиции 3002, 3005 или 3006), состоящие из смешанных или несмешанных продуктов, для использования в терапевтических или профилактических целях, расфасованные в виде дозированных лекарственных форм (включая лекарственные средства в форме трансдермальных систем) или в формы или упаковки для розничной продажи: > прочие, содержащие алкалоиды или их производные: (с 01.01.2017) > прочие: (с 01.01.2017) > расфасованные в формы или упаковки для розничной продажи и содержащие в качестве основного действующего вещества только: кофеин-бензоат натрия или ксантинола никотинат, или папаверин, или пилокарпин, или теобромин, или теофиллин",from_file
3004490008,item,30044900,прочие,"Лекарственные средства (кроме товаров товарной позиции 3002, 3005 или 3006), состоящие из смешанных или несмешанных продуктов, для использования в терапевтических или профилактических целях, расфасованные в виде дозированных лекарственных форм (включая лекарственные средства в форме трансдермальных систем) или в формы или упаковки для розничной продажи: > прочие, содержащие алкалоиды или их производные: (с 01.01.2017) > прочие: (с 01.01.2017) > прочие",from_file
3004500001,item,30045000,"содержащие в качестве основного действующего вещества только: кислоту аскорбиновую (витамин С) или кислоту никотиновую, или кокарбоксилазу, или никотинамид, или пиридоксин, или тиамин и его соли (витамин В1), или цианокобаламин (витамин В12)","расфасованные в формы или упаковки для розничной продажи: > содержащие в качестве основного действующего вещества только: кислоту аскорбиновую (витамин С) или кислоту никотиновую, или кокарбоксилазу, или никотинамид, или пиридоксин, или тиамин и его соли (витамин В1), или цианокобаламин (витамин В12)",from_file
3004500002,item,30045000,прочие,расфасованные в формы или упаковки для розничной продажи: > прочие,from_file
3004500005,item,30045000,содержащие в качестве основного действующего вещества только альфа-токоферола ацетат (витамин Е),"Лекарственные средства (кроме товаров товарной позиции 3002, 3005 или 3006), состоящие из смешанных или несмешанных продуктов, для использования в терапевтических или профилактических целях, расфасованные в виде дозированных лекарственных форм (включая лекарственные средства в форме трансдермальных систем) или в формы или упаковки для розничной продажи: > прочие, содержащие витамины или другие соединения товарной позиции 2936: > прочие: > содержащие в качестве основного действующего вещества только альфа-токоферола ацетат (витамин Е)",from_file
3004500006,item,30045000,"содержащие в качестве основного действующего вещества только: кокарбоксилазу или кислоту аскорбиновую (витамин С), или цианокобаламин (витамин В12)","Лекарственные средства (кроме товаров товарной позиции 3002, 3005 или 3006), состоящие из смешанных или несмешанных продуктов, для использования в терапевтических или профилактических целях, расфасованные в виде дозированных лекарственных форм (включая лекарственные средства в форме трансдермальных систем) или в формы или упаковки для розничной продажи: > прочие, содержащие витамины или другие соединения товарной позиции 2936: > прочие: > содержащие в качестве основного действующего вещества только: кокарбоксилазу или кислоту аскорбиновую (витамин С), или цианокобаламин (витамин В12)",from_file
3004500009,item,30045000,прочие,"Лекарственные средства (кроме товаров товарной позиции 3002, 3005 или 3006), состоящие из смешанных или несмешанных продуктов, для использования в терапевтических или профилактических целях, расфасованные в виде дозированных лекарственных форм (включая лекарственные средства в форме трансдермальных систем) или в формы или упаковки для розничной продажи: > прочие, содержащие витамины или другие соединения товарной позиции 2936: > прочие: > прочие",from_file
3004600000,item,30046000,"прочие, содержащие противомалярийные активные (действующие) вещества, указанные в примечании к субпозициям 2 к данной группе","Лекарственные средства (кроме товаров товарной позиции 3002, 3005 или 3006), состоящие из смешанных или несмешанных продуктов, для использования в терапевтических или профилактических целях, расфасованные в виде дозированных лекарственных форм (включая лекарственные средства в форме трансдермальных систем) или в формы или упаковки для розничной продажи: > прочие, содержащие противомалярийные активные (действующие) вещества, указанные в примечании к субпозициям 2 к данной группе",from_file
3004900001,item,30049000,содержащие йод или соединения йода,расфасованные в формы или упаковки для розничной продажи: > содержащие йод или соединения йода,from_file
3004900002,item,30049000,прочие,расфасованные в формы или упаковки для розничной продажи: > прочие,from_file
3004900005,item,30049000,содержащие йод или соединения йода,"Лекарственные средства (кроме товаров товарной позиции 3002, 3005 или 3006), состоящие из смешанных или несмешанных продуктов, для использования в терапевтических или профилактических целях, расфасованные в виде дозированных лекарственных форм (включая лекарственные средства в форме трансдермальных систем) или в формы или упаковки для розничной продажи: > прочие: > прочие: > содержащие йод или соединения йода",from_file
3004900006,item,30049000,"содержащие в качестве основного действующего вещества только: кислоту ацетилсалициловую или парацетамол, или рибоксин (инозин), или поливинилпирролидон","Лекарственные средства (кроме товаров товарной позиции 3002, 3005 или 3006), состоящие из смешанных или несмешанных продуктов, для использования в терапевтических или профилактических целях, расфасованные в виде дозированных лекарственных форм (включая лекарственные средства в форме трансдермальных систем) или в формы или упаковки для розничной продажи: > прочие: > прочие: > прочие: > содержащие в качестве основного действующего вещества только: кислоту ацетилсалициловую или парацетамол, или рибоксин (инозин), или поливинилпирролидон",from_file
3004900008,item,30049000,прочие,"Лекарственные средства (кроме товаров товарной позиции 3002, 3005 или 3006), состоящие из смешанных или несмешанных продуктов, для использования в терапевтических или профилактических целях, расфасованные в виде дозированных лекарственных форм (включая лекарственные средства в форме трансдермальных систем) или в формы или упаковки для розничной продажи: > прочие: > прочие: > прочие: > прочие",from_file
3005100000,item,30051000,"материал перевязочный адгезивный и прочие изделия, имеющие липкий слой","Вата, марля, бинты и аналогичные изделия (например, перевязочный материал, лейкопластыри, припарки), пропитанные или покрытые фармацевтическими веществами или расфасованные в формы или упаковки для розничной продажи, предназначенные для использования в медицине, хирургии, стоматологии или ветеринарии: > материал перевязочный адгезивный и прочие изделия, имеющие липкий слой",from_file
3005901000,item,30059010,вата и изделия из ваты,"Вата, марля, бинты и аналогичные изделия (например, перевязочный материал, лейкопластыри, припарки), пропитанные или покрытые фармацевтическими веществами или расфасованные в формы или упаковки для розничной продажи, предназначенные для использования в медицине, хирургии, стоматологии или ветеринарии: > прочие: > вата и изделия из ваты",from_file
3005903100,item,30059031,марля и изделия из марли,"Вата, марля, бинты и аналогичные изделия (например, перевязочный материал, лейкопластыри, припарки), пропитанные или покрытые фармацевтическими веществами или расфасованные в формы или упаковки для розничной продажи, предназначенные для использования в медицине, хирургии, стоматологии или ветеринарии: > прочие: > прочие: > из текстильных материалов: > марля и изделия из марли",from_file
3005905000,item,30059050,прочие,"Вата, марля, бинты и аналогичные изделия (например, перевязочный материал, лейкопластыри, припарки), пропитанные или покрытые фармацевтическими веществами или расфасованные в формы или упаковки для розничной продажи, предназначенные для использования в медицине, хирургии, стоматологии или ветеринарии: > прочие: > прочие: > из текстильных материалов: > прочие",from_file
3005909900,item,30059099,прочие,"Вата, марля, бинты и аналогичные изделия (например, перевязочный материал, лейкопластыри, припарки), пропитанные или покрытые фармацевтическими веществами или расфасованные в формы или упаковки для розничной продажи, предназначенные для использования в медицине, хирургии, стоматологии или ветеринарии: > прочие: > прочие: > прочие",from_file
3006101000,item,30061010,кетгут хирургический стерильный,"кетгут хирургический стерильный, аналогичные стерильные материалы для наложения швов (включая стерильные рассасывающиеся хирургические или стоматологические нити) и стерильные адгезивные ткани для хирургического закрытия ран; ламинария стерильная и тампоны из ламинарии стерильные; стерильные рассасывающиеся хирургические или стоматологические кровоостанавливающие средства (гемостатики); стерильные хирургические или стоматологические адгезионные барьеры, рассасывающиеся или нерассасывающиеся: > кетгут хирургический стерильный",from_file
3006103001,item,30061030,"из трикотажного полотна машинного или ручного вязания, кроме ворсового полотна","стерильные хирургические или стоматологические адгезионные барьеры, рассасывающиеся или нерассасывающиеся: > из трикотажного полотна машинного или ручного вязания, кроме ворсового полотна",from_file
3006103009,item,30061030,прочие,"стерильные хирургические или стоматологические адгезионные барьеры, рассасывающиеся или нерассасывающиеся: > прочие",from_file
3006109000,item,30061090,прочие,"кетгут хирургический стерильный, аналогичные стерильные материалы для наложения швов (включая стерильные рассасывающиеся хирургические или стоматологические нити) и стерильные адгезивные ткани для хирургического закрытия ран; ламинария стерильная и тампоны из ламинарии стерильные; стерильные рассасывающиеся хирургические или стоматологические кровоостанавливающие средства (гемостатики); стерильные хирургические или стоматологические адгезионные барьеры, рассасывающиеся или нерассасывающиеся: > прочие",from_file
3006300000,item,30063000,"препараты контрастные для рентгеногpафических обследований; реагенты диагностические, предназначенные для введения больным","Фармацевтическая продукция, упомянутая в примечании 4 к данной группе: > препараты контрастные для рентгеногpафических обследований; реагенты диагностические, предназначенные для введения больным",from_file
3006400000,item,30064000,"цементы зубные и материалы для пломбирования зубов прочие; цементы, реконструирующие кость","Фармацевтическая продукция, упомянутая в примечании 4 к данной группе: > цементы зубные и материалы для пломбирования зубов прочие; цементы, реконструирующие кость",from_file
3006500000,item,30065000,сумки санитарные и наборы для оказания первой помощи,"Фармацевтическая продукция, упомянутая в примечании 4 к данной группе: > сумки санитарные и наборы для оказания первой помощи",from_file
3006600001,item,30066000,расфасованные в формы или упаковки для розничной продажи,"средства химические контрацептивные на основе гормонов, прочих соединений товарной позиции 2937 или спермицидов: > на основе гормонов или прочих соединений товарной позиции 2937: > расфасованные в формы или упаковки для розничной продажи",from_file
3006600002,item,30066000,прочие,"средства химические контрацептивные на основе гормонов, прочих соединений товарной позиции 2937 или спермицидов: > на основе гормонов или прочих соединений товарной позиции 2937: > прочие",from_file
3006600009,item,30066000,на основе спеpмицидов,"средства химические контрацептивные на основе гормонов, прочих соединений товарной позиции 2937 или спермицидов: > на основе спеpмицидов",from_file
3006700000,item,30067000,"препараты в виде геля, предназначенные для использования в медицине или ветеринарии в качестве смазки для частей тела при хирургических операциях или физических исследованиях или в качестве связующего агента между телом и медицинскими инструментами","Фармацевтическая продукция, упомянутая в примечании 4 к данной группе: > препараты в виде геля, предназначенные для использования в медицине или ветеринарии в качестве смазки для частей тела при хирургических операциях или физических исследованиях или в качестве связующего агента между телом и медицинскими инструментами",from_file
3006910000,item,30069100,"приспособления, идентифицируемые как приспособления для стомического использования","Фармацевтическая продукция, упомянутая в примечании 4 к данной группе: > прочие: > приспособления, идентифицируемые как приспособления для стомического использования",from_file
3006920000,item,30069200,непригодные фармацевтические средства,"Фармацевтическая продукция, упомянутая в примечании 4 к данной группе: > прочие: > непригодные фармацевтические средства",from_file
3006930000,item,30069300,"плацебо и наборы обезличенных клинических препаратов для проведения одобренных клинических исследований простым слепым (или двойным слепым) методом, расфасованные в виде дозированных форм 13))","Фармацевтическая продукция, упомянутая в примечании 4 к данной группе: > прочие: > плацебо и наборы обезличенных клинических препаратов для проведения одобренных клинических исследований простым слепым (или двойным слепым) методом, расфасованные в виде дозированных форм 13))",from_file
02011000,subheading,020110,,,derived_from_prefix
02012020,subheading,020120,,,derived_from_prefix
02012030,subheading,020120,,,derived_from_prefix
02012050,subheading,020120,,,derived_from_prefix
02012090,subheading,020120,,,derived_from_prefix
02013000,subheading,020130,,,derived_from_prefix
02021000,subheading,020210,,,derived_from_prefix
02022010,subheading,020220,,,derived_from_prefix
02022030,subheading,020220,,,derived_from_prefix
02022050,subheading,020220,,,derived_from_prefix
02022090,subheading,020220,,,derived_from_prefix
02023010,subheading,020230,,,derived_from_prefix
02023050,subheading,020230,,,derived_from_prefix
02023090,subheading,020230,,,derived_from_prefix
02031110,subheading,020311,,,derived_from_prefix
02031190,subheading,020311,,,derived_from_prefix
02031211,subheading,020312,,,derived_from_prefix
02031219,subheading,020312,,,derived_from_prefix
02031290,subheading,020312,,,derived_from_prefix
02031911,subheading,020319,,,derived_from_prefix
02031913,subheading,020319,,,derived_from_prefix
02031915,subheading,020319,,,derived_from_prefix
02031955,subheading,020319,,,derived_from_prefix
02031959,subheading,020319,,,derived_from_prefix
02031990,subheading,020319,,,derived_from_prefix
02032110,subheading,020321,,,derived_from_prefix
02032190,subheading,020321,,,derived_from_prefix
02032211,subheading,020322,,,derived_from_prefix
02032219,subheading,020322,,,derived_from_prefix
02032290,subheading,020322,,,derived_from_prefix
02032911,subheading,020329,,,derived_from_prefix
02032913,subheading,020329,,,derived_from_prefix
02032915,subheading,020329,,,derived_from_prefix
02032955,subheading,020329,,,derived_from_prefix
02032959,subheading,020329,,,derived_from_prefix
02032990,subheading,020329,,,derived_from_prefix
02041000,subheading,020410,,,derived_from_prefix
02042100,subheading,020421,,,derived_from_prefix
02042210,subheading,020422,,,derived_from_prefix
02042230,subheading,020422,,,derived_from_prefix
02042250,subheading,020422,,,derived_from_prefix
02042290,subheading,020422,,,derived_from_prefix
02042300,subheading,020423,,,derived_from_prefix
02043000,subheading,020430,,,derived_from_prefix
02044100,subheading,020441,,,derived_from_prefix
02044210,subheading,020442,,,derived_from_prefix
02044230,subheading,020442,,,derived_from_prefix
02044250,subheading,020442,,,derived_from_prefix
02044290,subheading,020442,,,derived_from_prefix
02044310,subheading,020443,,,derived_from_prefix
02044390,subheading,020443,,,derived_from_prefix
02045011,subheading,020450,,,derived_from_prefix
02045013,subheading,020450,,,derived_from_prefix
02045015,subheading,020450,,,derived_from_prefix
02045019,subheading,020450,,,derived_from_prefix
02045031,subheading,020450,,,derived_from_prefix
02045039,subheading,020450,,,derived_from_prefix
02045051,subheading,020450,,,derived_from_prefix
02045053,subheading,020450,,,derived_from_prefix
02045055,subheading,020450,,,derived_from_prefix
02045059,subheading,020450,,,derived_from_prefix
02045071,subheading,020450,,,derived_from_prefix
02045079,subheading,020450,,,derived_from_prefix
02050020,subheading,020500,,,derived_from_prefix
02050080,subheading,020500,,,derived_from_prefix
02061010,subheading,020610,,,derived_from_prefix
02061095,subheading,020610,,,derived_from_prefix
02061098,subheading,020610,,,derived_from_prefix
02062100,subheading,020621,,,derived_from_prefix
02062200,subheading,020622,,,derived_from_prefix
02062910,subheading,020629,,,derived_from_prefix
02062991,subheading,020629,,,derived_from_prefix
02062999,subheading,020629,,,derived_from_prefix
02063000,subheading,020630,,,derived_from_prefix
02064100,subheading,020641,,,derived_from_prefix
02064900,subheading,020649,,,derived_from_prefix
02068010,subheading,020680,,,derived_from_prefix
02068091,subheading,020680,,,derived_from_prefix
02068099,subheading,020680,,,derived_from_prefix
02069010,subheading,020690,,,derived_from_prefix
02069091,subheading,020690,,,derived_from_prefix
02069099,subheading,020690,,,derived_from_prefix
02071110,subheading,020711,,,derived_from_prefix
02071130,subheading,020711,,,derived_from_prefix
02071190,subheading,020711,,,derived_from_prefix
02071210,subheading,020712,,,derived_from_prefix
02071290,subheading,020712,,,derived_from_prefix
02071310,subheading,020713,,,derived_from_prefix
02071320,subheading,020713,,,derived_from_prefix
02071330,subheading,020713,,,derived_from_prefix
02071340,subheading,020713,,,derived_from_prefix
02071350,subheading,020713,,,derived_from_prefix
02071360,subheading,020713,,,derived_from_prefix
02071370,subheading,020713,,,derived_from_prefix
02071391,subheading,020713,,,derived_from_prefix
02071399,subheading,020713,,,derived_from_prefix
02071410,subheading,020714,,,derived_from_prefix
02071420,subheading,020714,,,derived_from_prefix
02071430,subheading,020714,,,derived_from_prefix
02071440,subheading,020714,,,derived_from_prefix
02071450,subheading,020714,,,derived_from_prefix
02071460,subheading,020714,,,derived_from_prefix
02071470,subheading,020714,,,derived_from_prefix
02071491,subheading,020714,,,derived_from_prefix
02071499,subheading,020714,,,derived_from_prefix
02072410,subheading,020724,,,derived_from_prefix
02072490,subheading,020724,,,derived_from_prefix
02072510,subheading,020725,,,derived_from_prefix
02072590,subheading,020725,,,derived_from_prefix
02072610,subheading,020726,,,derived_from_prefix
02072620,subheading,020726,,,derived_from_prefix
02072630,subheading,020726,,,derived_from_prefix
02072640,subheading,020726,,,derived_from_prefix
02072650,subheading,020726,,,derived_from_prefix
02072660,subheading,020726,,,derived_from_prefix
02072670,subheading,020726,,,derived_from_prefix
02072680,subheading,020726,,,derived_from_prefix
02072691,subheading,020726,,,derived_from_prefix
02072699,subheading,020726,,,derived_from_prefix
02072710,subheading,020727,,,derived_from_prefix
02072720,subheading,020727,,,derived_from_prefix
02072730,subheading,020727,,,derived_from_prefix
02072740,subheading,020727,,,derived_from_prefix
02072750,subheading,020727,,,derived_from_prefix
02072760,subheading,020727,,,derived_from_prefix
02072770,subheading,020727,,,derived_from_prefix
02072780,subheading,020727,,,derived_from_prefix
02072791,subheading,020727,,,derived_from_prefix
02072799,subheading,020727,,,derived_from_prefix
02074120,subheading,020741,,,derived_from_prefix
02074130,subheading,020741,,,derived_from_prefix
02074180,subheading,020741,,,derived_from_prefix
02074230,subheading,020742,,,derived_from_prefix
02074280,subheading,020742,,,derived_from_prefix
02074300,subheading,020743,,,derived_from_prefix
02074410,subheading,020744,,,derived_from_prefix
02074421,subheading,020744,,,derived_from_prefix
02074431,subheading,020744,,,derived_from_prefix
02074441,subheading,020744,,,derived_from_prefix
02074451,subheading,020744,,,derived_from_prefix
02074461,subheading,020744,,,derived_from_prefix
02074471,subheading,020744,,,derived_from_prefix
02074481,subheading,020744,,,derived_from_prefix
02074491,subheading,020744,,,derived_from_prefix
02074499,subheading,020744,,,derived_from_prefix
02074510,subheading,020745,,,derived_from_prefix
02074521,subheading,020745,,,derived_from_prefix
02074531,subheading,020745,,,derived_from_prefix
02074541,subheading,020745,,,derived_from_prefix
02074551,subheading,020745,,,derived_from_prefix
02074561,subheading,020745,,,derived_from_prefix
02074571,subheading,020745,,,derived_from_prefix
02074581,subheading,020745,,,derived_from_prefix
02074593,subheading,020745,,,derived_from_prefix
02074595,subheading,020745,,,derived_from_prefix
02074599,subheading,020745,,,derived_from_prefix
02075110,subheading,020751,,,derived_from_prefix
02075190,subheading,020751,,,derived_from_prefix
02075210,subheading,020752,,,derived_from_prefix
02075290,subheading,020752,,,derived_from_prefix
02075300,subheading,020753,,,derived_from_prefix
02075410,subheading,020754,,,derived_from_prefix
02075421,subheading,020754,,,derived_from_prefix
02075431,subheading,020754,,,derived_from_prefix
02075441,subheading,020754,,,derived_from_prefix
02075451,subheading,020754,,,derived_from_prefix
02075461,subheading,020754,,,derived_from_prefix
02075471,subheading,020754,,,derived_from_prefix
02075481,subheading,020754,,,derived_from_prefix
02075491,subheading,020754,,,derived_from_prefix
02075499,subheading,020754,,,derived_from_prefix
02075510,subheading,020755,,,derived_from_prefix
02075521,subheading,020755,,,derived_from_prefix
02075531,subheading,020755,,,derived_from_prefix
02075541,subheading,020755,,,derived_from_prefix
02075551,subheading,020755,,,derived_from_prefix
02075561,subheading,020755,,,derived_from_prefix
02075571,subheading,020755,,,derived_from_prefix
02075581,subheading,020755,,,derived_from_prefix
02075593,subheading,020755,,,derived_from_prefix
02075595,subheading,020755,,,derived_from_prefix
02075599,subheading,020755,,,derived_from_prefix
02076005,subheading,020760,,,derived_from_prefix
02076010,subheading,020760,,,derived_from_prefix
02076021,subheading,020760,,,derived_from_prefix
02076031,subheading,020760,,,derived_from_prefix
02076041,subheading,020760,,,derived_from_prefix
02076051,subheading,020760,,,derived_from_prefix
02076061,subheading,020760,,,derived_from_prefix
02076081,subheading,020760,,,derived_from_prefix
02076091,subheading,020760,,,derived_from_prefix
02076099,subheading,020760,,,derived_from_prefix
02081010,subheading,020810,,,derived_from_prefix
02081090,subheading,020810,,,derived_from_prefix
02083000,subheading,020830,,,derived_from_prefix
02084010,subheading,020840,,,derived_from_prefix
02084020,subheading,020840,,,derived_from_prefix
02084080,subheading,020840,,,derived_from_prefix
02085000,subheading,020850,,,derived_from_prefix
02086000,subheading,020860,,,derived_from_prefix
02089010,subheading,020890,,,derived_from_prefix
02089030,subheading,020890,,,derived_from_prefix
02089060,subheading,020890,,,derived_from_prefix
02089070,subheading,020890,,,derived_from_prefix
02089098,subheading,020890,,,derived_from_prefix
02091011,subheading,020910,,,derived_from_prefix
02091019,subheading,020910,,,derived_from_prefix
02091090,subheading,020910,,,derived_from_prefix
02099000,subheading,020990,,,derived_from_prefix
02101111,subheading,021011,,,derived_from_prefix
02101119,subheading,021011,,,derived_from_prefix
02101131,subheading,021011,,,derived_from_prefix
02101139,subheading,021011,,,derived_from_prefix
02101190,subheading,021011,,,derived_from_prefix
02101211,subheading,021012,,,derived_from_prefix
02101219,subheading,021012,,,derived_from_prefix
02101290,subheading,021012,,,derived_from_prefix
02101910,subheading,021019,,,derived_from_prefix
02101920,subheading,021019,,,derived_from_prefix
02101930,subheading,021019,,,derived_from_prefix
02101940,subheading,021019,,,derived_from_prefix
02101950,subheading,021019,,,derived_from_prefix
02101960,subheading,021019,,,derived_from_prefix
02101970,subheading,021019,,,derived_from_prefix
02101981,subheading,021019,,,derived_from_prefix
02101989,subheading,021019,,,derived_from_prefix
02101990,subheading,021019,,,derived_from_prefix
02102010,subheading,021020,,,derived_from_prefix
02102090,subheading,021020,,,derived_from_prefix
02109100,subheading,021091,,,derived_from_prefix
02109210,subheading,021092,,,derived_from_prefix
02109291,subheading,021092,,,derived_from_prefix
02109292,subheading,021092,,,derived_from_prefix
02109299,subheading,021092,,,derived_from_prefix
02109300,subheading,021093,,,derived_from_prefix
02109910,subheading,021099,,,derived_from_prefix
02109921,subheading,021099,,,derived_from_prefix
02109929,subheading,021099,,,derived_from_prefix
02109931,subheading,021099,,,derived_from_prefix
02109939,subheading,021099,,,derived_from_prefix
02109941,subheading,021099,,,derived_from_prefix
02109949,subheading,021099,,,derived_from_prefix
02109951,subheading,021099,,,derived_from_prefix
02109959,subheading,021099,,,derived_from_prefix
02109971,subheading,021099,,,derived_from_prefix
02109979,subheading,021099,,,derived_from_prefix
02109985,subheading,021099,,,derived_from_prefix
02109990,subheading,021099,,,derived_from_prefix
04011010,subheading,040110,,,derived_from_prefix
04011090,subheading,040110,,,derived_from_prefix
04012011,subheading,040120,,,derived_from_prefix
04012019,subheading,040120,,,derived_from_prefix
04012091,subheading,040120,,,derived_from_prefix
04012099,subheading,040120,,,derived_from_prefix
04014010,subheading,040140,,,derived_from_prefix
04014090,subheading,040140,,,derived_from_prefix
04015011,subheading,040150,,,derived_from_prefix
04015019,subheading,040150,,,derived_from_prefix
04015031,subheading,040150,,,derived_from_prefix
04015039,subheading,040150,,,derived_from_prefix
04015091,subheading,040150,,,derived_from_prefix
04015099,subheading,040150,,,derived_from_prefix
04021011,subheading,040210,,,derived_from_prefix
04021019,subheading,040210,,,derived_from_prefix
04021091,subheading,040210,,,derived_from_prefix
04021099,subheading,040210,,,derived_from_prefix
04022111,subheading,040221,,,derived_from_prefix
04022118,subheading,040221,,,derived_from_prefix
04022191,subheading,040221,,,derived_from_prefix
04022199,subheading,040221,,,derived_from_prefix
04022911,subheading,040229,,,derived_from_prefix
04022915,subheading,040229,,,derived_from_prefix
04022919,subheading,040229,,,derived_from_prefix
04022991,subheading,040229,,,derived_from_prefix
04022999,subheading,040229,,,derived_from_prefix
04029110,subheading,040291,,,derived_from_prefix
04029130,subheading,040291,,,derived_from_prefix
04029151,subheading,040291,,,derived_from_prefix
04029159,subheading,040291,,,derived_from_prefix
04029191,subheading,040291,,,derived_from_prefix
04029199,subheading,040291,,,derived_from_prefix
04029910,subheading,040299,,,derived_from_prefix
04029931,subheading,040299,,,derived_from_prefix
04029939,subheading,040299,,,derived_from_prefix
04029991,subheading,040299,,,derived_from_prefix
04029999,subheading,040299,,,derived_from_prefix
04032011,subheading,040320,,,derived_from_prefix
04032013,subheading,040320,,,derived_from_prefix
04032019,subheading,040320,,,derived_from_prefix
04032031,subheading,040320,,,derived_from_prefix
04032033,subheading,040320,,,derived_from_prefix
04032039,subheading,040320,,,derived_from_prefix
04032051,subheading,040320,,,derived_from_prefix
04032053,subheading,040320,,,derived_from_prefix
04032059,subheading,040320,,,derived_from_prefix
04032071,subheading,040320,,,derived_from_prefix
04032073,subheading,040320,,,derived_from_prefix
04032079,subheading,040320,,,derived_from_prefix
04032090,subheading,040320,,,derived_from_prefix
04039011,subheading,040390,,,derived_from_prefix
04039013,subheading,040390,,,derived_from_prefix
04039019,subheading,040390,,,derived_from_prefix
04039031,subheading,040390,,,derived_from_prefix
04039033,subheading,040390,,,derived_from_prefix
04039039,subheading,040390,,,derived_from_prefix
04039051,subheading,040390,,,derived_from_prefix
04039053,subheading,040390,,,derived_from_prefix
04039059,subheading,040390,,,derived_from_prefix
04039061,subheading,040390,,,derived_from_prefix
04039063,subheading,040390,,,derived_from_prefix
04039069,subheading,040390,,,derived_from_prefix
04039071,subheading,040390,,,derived_from_prefix
04039073,subheading,040390,,,derived_from_prefix
04039079,subheading,040390,,,derived_from_prefix
04039091,subheading,040390,,,derived_from_prefix
04039093,subheading,040390,,,derived_from_prefix
04039099,subheading,040390,,,derived_from_prefix
04041002,subheading,040410,,,derived_from_prefix
04041004,subheading,040410,,,derived_from_prefix
04041006,subheading,040410,,,derived_from_prefix
04041012,subheading,040410,,,derived_from_prefix
04041014,subheading,040410,,,derived_from_prefix
04041016,subheading,040410,,,derived_from_prefix
04041026,subheading,040410,,,derived_from_prefix
04041028,subheading,040410,,,derived_from_prefix
04041032,subheading,040410,,,derived_from_prefix
04041034,subheading,040410,,,derived_from_prefix
04041036,subheading,040410,,,derived_from_prefix
04041038,subheading,040410,,,derived_from_prefix
04041048,subheading,040410,,,derived_from_prefix
04041052,subheading,040410,,,derived_from_prefix
04041054,subheading,040410,,,derived_from_prefix
04041056,subheading,040410,,,derived_from_prefix
04041058,subheading,040410,,,derived_from_prefix
04041062,subheading,040410,,,derived_from_prefix
04041072,subheading,040410,,,derived_from_prefix
04041074,subheading,040410,,,derived_from_prefix
04041076,subheading,040410,,,derived_from_prefix
04041078,subheading,040410,,,derived_from_prefix
04041082,subheading,040410,,,derived_from_prefix
04041084,subheading,040410,,,derived_from_prefix
04049021,subheading,040490,,,derived_from_prefix
04049023,subheading,040490,,,derived_from_prefix
04049029,subheading,040490,,,derived_from_prefix
04049081,subheading,040490,,,derived_from_prefix
04049083,subheading,040490,,,derived_from_prefix
04049089,subheading,040490,,,derived_from_prefix
04051011,subheading,040510,,,derived_from_prefix
04051019,subheading,040510,,,derived_from_prefix
04051030,subheading,040510,,,derived_from_prefix
04051050,subheading,040510,,,derived_from_prefix
04051090,subheading,040510,,,derived_from_prefix
04052010,subheading,040520,,,derived_from_prefix
04052030,subheading,040520,,,derived_from_prefix
04052090,subheading,040520,,,derived_from_prefix
04059010,subheading,040590,,,derived_from_prefix
04059090,subheading,040590,,,derived_from_prefix
04061030,subheading,040610,,,derived_from_prefix
04061050,subheading,040610,,,derived_from_prefix
04061080,subheading,040610,,,derived_from_prefix
04062000,subheading,040620,,,derived_from_prefix
04063010,subheading,040630,,,derived_from_prefix
04063031,subheading,040630,,,derived_from_prefix
04063039,subheading,040630,,,derived_from_prefix
04063090,subheading,040630,,,derived_from_prefix
04064010,subheading,040640,,,derived_from_prefix
04064050,subheading,040640,,,derived_from_prefix
04064090,subheading,040640,,,derived_from_prefix
04069001,subheading,040690,,,derived_from_prefix
04069013,subheading,040690,,,derived_from_prefix
04069015,subheading,040690,,,derived_from_prefix
04069017,subheading,040690,,,derived_from_prefix
04069018,subheading,040690,,,derived_from_prefix
04069021,subheading,040690,,,derived_from_prefix
04069023,subheading,040690,,,derived_from_prefix
04069025,subheading,040690,,,derived_from_prefix
04069029,subheading,040690,,,derived_from_prefix
04069032,subheading,040690,,,derived_from_prefix
04069035,subheading,040690,,,derived_from_prefix
04069037,subheading,040690,,,derived_from_prefix
04069039,subheading,040690,,,derived_from_prefix
04069050,subheading,040690,,,derived_from_prefix
04069061,subheading,040690,,,derived_from_prefix
04069063,subheading,040690,,,derived_from_prefix
04069069,subheading,040690,,,derived_from_prefix
04069073,subheading,040690,,,derived_from_prefix
04069074,subheading,040690,,,derived_from_prefix
04069075,subheading,040690,,,derived_from_prefix
04069076,subheading,040690,,,derived_from_prefix
04069078,subheading,040690,,,derived_from_prefix
04069079,subheading,040690,,,derived_from_prefix
04069081,subheading,040690,,,derived_from_prefix
04069082,subheading,040690,,,derived_from_prefix
04069084,subheading,040690,,,derived_from_prefix
04069085,subheading,040690,,,derived_from_prefix
04069086,subheading,040690,,,derived_from_prefix
04069089,subheading,040690,,,derived_from_prefix
04069092,subheading,040690,,,derived_from_prefix
04069093,subheading,040690,,,derived_from_prefix
04069099,subheading,040690,,,derived_from_prefix
04071100,subheading,040711,,,derived_from_prefix
04071911,subheading,040719,,,derived_from_prefix
04071919,subheading,040719,,,derived_from_prefix
04071990,subheading,040719,,,derived_from_prefix
04072100,subheading,040721,,,derived_from_prefix
04072910,subheading,040729,,,derived_from_prefix
04072990,subheading,040729,,,derived_from_prefix
04079010,subheading,040790,,,derived_from_prefix
04079090,subheading,040790,,,derived_from_prefix
04081120,subheading,040811,,,derived_from_prefix
04081180,subheading,040811,,,derived_from_prefix
04081920,subheading,040819,,,derived_from_prefix
04081981,subheading,040819,,,derived_from_prefix
04081989,subheading,040819,,,derived_from_prefix
04089120,subheading,040891,,,derived_from_prefix
04089180,subheading,040891,,,derived_from_prefix
04089920,subheading,040899,,,derived_from_prefix
04089980,subheading,040899,,,derived_from_prefix
04090000,subheading,040900,,,derived_from_prefix
04101000,subheading,041010,,,derived_from_prefix
04109000,subheading,041090,,,derived_from_prefix
16010010,subheading,160100,,,derived_from_prefix
16010091,subheading,160100,,,derived_from_prefix
16010099,subheading,160100,,,derived_from_prefix
16021000,subheading,160210,,,derived_from_prefix
16022010,subheading,160220,,,derived_from_prefix
16022090,subheading,160220,,,derived_from_prefix
16023111,subheading,160231,,,derived_from_prefix
16023119,subheading,160231,,,derived_from_prefix
16023180,subheading,160231,,,derived_from_prefix
16023211,subheading,160232,,,derived_from_prefix
16023219,subheading,160232,,,derived_from_prefix
16023230,subheading,160232,,,derived_from_prefix
16023290,subheading,160232,,,derived_from_prefix
16023921,subheading,160239,,,derived_from_prefix
16023929,subheading,160239,,,derived_from_prefix
16023985,subheading,160239,,,derived_from_prefix
16024110,subheading,160241,,,derived_from_prefix
16024190,subheading,160241,,,derived_from_prefix
16024210,subheading,160242,,,derived_from_prefix
16024290,subheading,160242,,,derived_from_prefix
16024911,subheading,160249,,,derived_from_prefix
16024913,subheading,160249,,,derived_from_prefix
16024915,subheading,160249,,,derived_from_prefix
16024919,subheading,160249,,,derived_from_prefix
16024930,subheading,160249,,,derived_from_prefix
16024950,subheading,160249,,,derived_from_prefix
16024990,subheading,160249,,,derived_from_prefix
16025010,subheading,160250,,,derived_from_prefix
16025031,subheading,160250,,,derived_from_prefix
16025095,subheading,160250,,,derived_from_prefix
16029010,subheading,160290,,,derived_from_prefix
16029031,subheading,160290,,,derived_from_prefix
16029051,subheading,160290,,,derived_from_prefix
16029061,subheading,160290,,,derived_from_prefix
16029069,subheading,160290,,,derived_from_prefix
16029091,subheading,160290,,,derived_from_prefix
16029095,subheading,160290,,,derived_from_prefix
16029099,subheading,160290,,,derived_from_prefix
16030010,subheading,160300,,,derived_from_prefix
16030080,subheading,160300,,,derived_from_prefix
16041100,subheading,160411,,,derived_from_prefix
16041210,subheading,160412,,,derived_from_prefix
16041291,subheading,160412,,,derived_from_prefix
16041299,subheading,160412,,,derived_from_prefix
16041311,subheading,160413,,,derived_from_prefix
16041319,subheading,160413,,,derived_from_prefix
16041390,subheading,160413,,,derived_from_prefix
16041421,subheading,160414,,,derived_from_prefix
16041426,subheading,160414,,,derived_from_prefix
16041428,subheading,160414,,,derived_from_prefix
16041431,subheading,160414,,,derived_from_prefix
16041436,subheading,160414,,,derived_from_prefix
16041438,subheading,160414,,,derived_from_prefix
16041441,subheading,160414,,,derived_from_prefix
16041446,subheading,160414,,,derived_from_prefix
16041448,subheading,160414,,,derived_from_prefix
16041490,subheading,160414,,,derived_from_prefix
16041511,subheading,160415,,,derived_from_prefix
16041519,subheading,160415,,,derived_from_prefix
16041590,subheading,160415,,,derived_from_prefix
16041600,subheading,160416,,,derived_from_prefix
16041700,subheading,160417,,,derived_from_prefix
16041800,subheading,160418,,,derived_from_prefix
16041910,subheading,160419,,,derived_from_prefix
16041931,subheading,160419,,,derived_from_prefix
16041939,subheading,160419,,,derived_from_prefix
16041950,subheading,160419,,,derived_from_prefix
16041991,subheading,160419,,,derived_from_prefix
16041992,subheading,160419,,,derived_from_prefix
16041993,subheading,160419,,,derived_from_prefix
16041994,subheading,160419,,,derived_from_prefix
16041995,subheading,160419,,,derived_from_prefix
16041997,subheading,160419,,,derived_from_prefix
16042005,subheading,160420,,,derived_from_prefix
16042010,subheading,160420,,,derived_from_prefix
16042030,subheading,160420,,,derived_from_prefix
16042040,subheading,160420,,,derived_from_prefix
16042050,subheading,160420,,,derived_from_prefix
16042070,subheading,160420,,,derived_from_prefix
16042090,subheading,160420,,,derived_from_prefix
16043100,subheading,160431,,,derived_from_prefix
16043200,subheading,160432,,,derived_from_prefix
16051000,subheading,160510,,,derived_from_prefix
16052110,subheading,160521,,,derived_from_prefix
16052190,subheading,160521,,,derived_from_prefix
16052900,subheading,160529,,,derived_from_prefix
16053010,subheading,160530,,,derived_from_prefix
16053090,subheading,160530,,,derived_from_prefix
16054000,subheading,160540,,,derived_from_prefix
16055100,subheading,160551,,,derived_from_prefix
16055200,subheading,160552,,,derived_from_prefix
16055310,subheading,160553,,,derived_from_prefix
16055390,subheading,160553,,,derived_from_prefix
16055400,subheading,160554,,,derived_from_prefix
16055500,subheading,160555,,,derived_from_prefix
16055600,subheading,160556,,,derived_from_prefix
16055700,subheading,160557,,,derived_from_prefix
16055800,subheading,160558,,,derived_from_prefix
16055900,subheading,160559,,,derived_from_prefix
16056100,subheading,160561,,,derived_from_prefix
16056200,subheading,160562,,,derived_from_prefix
16056300,subheading,160563,,,derived_from_prefix
16056900,subheading,160569,,,derived_from_prefix
21011100,subheading,210111,,,derived_from_prefix
21011292,subheading,210112,,,derived_from_prefix
21011298,subheading,210112,,,derived_from_prefix
21012020,subheading,210120,,,derived_from_prefix
21012092,subheading,210120,,,derived_from_prefix
21012098,subheading,210120,,,derived_from_prefix
21013011,subheading,210130,,,derived_from_prefix
21013019,subheading,210130,,,derived_from_prefix
21013091,subheading,210130,,,derived_from_prefix
21013099,subheading,210130,,,derived_from_prefix
21021010,subheading,210210,,,derived_from_prefix
21021031,subheading,210210,,,derived_from_prefix
21021039,subheading,210210,,,derived_from_prefix
21021090,subheading,210210,,,derived_from_prefix
21022011,subheading,210220,,,derived_from_prefix
21022019,subheading,210220,,,derived_from_prefix
21022090,subheading,210220,,,derived_from_prefix
21023000,subheading,210230,,,derived_from_prefix
21031000,subheading,210310,,,derived_from_prefix
21032000,subheading,210320,,,derived_from_prefix
21033010,subheading,210330,,,derived_from_prefix
21033090,subheading,210330,,,derived_from_prefix
21039010,subheading,210390,,,derived_from_prefix
21039030,subheading,210390,,,derived_from_prefix
21039090,subheading,210390,,,derived_from_prefix
21041000,subheading,210410,,,derived_from_prefix
21042000,subheading,210420,,,derived_from_prefix
21050010,subheading,210500,,,derived_from_prefix
21050091,subheading,210500,,,derived_from_prefix
21050099,subheading,210500,,,derived_from_prefix
21061020,subheading,210610,,,derived_from_prefix
21061080,subheading,210610,,,derived_from_prefix
21069020,subheading,210690,,,derived_from_prefix
21069040,subheading,210690,,,derived_from_prefix
21069052,subheading,210690,,,derived_from_prefix
21069054,subheading,210690,,,derived_from_prefix
21069058,subheading,210690,,,derived_from_prefix
21069093,subheading,210690,,,derived_from_prefix
21069098,subheading,210690,,,derived_from_prefix
30012010,subheading,300120,,,derived_from_prefix
30012090,subheading,300120,,,derived_from_prefix
30019020,subheading,300190,,,derived_from_prefix
30019091,subheading,300190,,,derived_from_prefix
30019098,subheading,300190,,,derived_from_prefix
30021200,subheading,300212,,,derived_from_prefix
30021300,subheading,300213,,,derived_from_prefix
30021400,subheading,300214,,,derived_from_prefix
30021500,subheading,300215,,,derived_from_prefix
30024100,subheading,300241,,,derived_from_prefix
30024200,subheading,300242,,,derived_from_prefix
30024900,subheading,300249,,,derived_from_prefix
30025100,subheading,300251,,,derived_from_prefix
30025900,subheading,300259,,,derived_from_prefix
30029010,subheading,300290,,,derived_from_prefix
30029030,subheading,300290,,,derived_from_prefix
30031000,subheading,300310,,,derived_from_prefix
30032000,subheading,300320,,,derived_from_prefix
30033100,subheading,300331,,,derived_from_prefix
30033900,subheading,300339,,,derived_from_prefix
30034100,subheading,300341,,,derived_from_prefix
30034200,subheading,300342,,,derived_from_prefix
30034300,subheading,300343,,,derived_from_prefix
30034900,subheading,300349,,,derived_from_prefix
30036000,subheading,300360,,,derived_from_prefix
30039000,subheading,300390,,,derived_from_prefix
30041000,subheading,300410,,,derived_from_prefix
30042000,subheading,300420,,,derived_from_prefix
30043100,subheading,300431,,,derived_from_prefix
30043200,subheading,300432,,,derived_from_prefix
30043900,subheading,300439,,,derived_from_prefix
30044100,subheading,300441,,,derived_from_prefix
30044200,subheading,300442,,,derived_from_prefix
30044300,subheading,300443,,,derived_from_prefix
30044900,subheading,300449,,,derived_from_prefix
30045000,subheading,300450,,,derived_from_prefix
30046000,subheading,300460,,,derived_from_prefix
30049000,subheading,300490,,,derived_from_prefix
30051000,subheading,300510,,,derived_from_prefix
30059010,subheading,300590,,,derived_from_prefix
30059031,subheading,300590,,,derived_from_prefix
30059050,subheading,300590,,,derived_from_prefix
30059099,subheading,300590,,,derived_from_prefix
30061010,subheading,300610,,,derived_from_prefix
30061030,subheading,300610,,,derived_from_prefix
30061090,subheading,300610,,,derived_from_prefix
30063000,subheading,300630,,,derived_from_prefix
30064000,subheading,300640,,,derived_from_prefix
30065000,subheading,300650,,,derived_from_prefix
30066000,subheading,300660,,,derived_from_prefix
30067000,subheading,300670,,,derived_from_prefix
30069100,subheading,300691,,,derived_from_prefix
30069200,subheading,300692,,,derived_from_prefix
30069300,subheading,300693,,,derived_from_prefix
020110,subheading,0201,,,derived_from_prefix
020120,subheading,0201,,,derived_from_prefix
020130,subheading,0201,,,derived_from_prefix
020210,subheading,0202,,,derived_from_prefix
020220,subheading,0202,,,derived_from_prefix
020230,subheading,0202,,,derived_from_prefix
020311,subheading,0203,,,derived_from_prefix
020312,subheading,0203,,,derived_from_prefix
020319,subheading,0203,,,derived_from_prefix
020321,subheading,0203,,,derived_from_prefix
020322,subheading,0203,,,derived_from_prefix
020329,subheading,0203,,,derived_from_prefix
020410,subheading,0204,,,derived_from_prefix
020421,subheading,0204,,,derived_from_prefix
020422,subheading,0204,,,derived_from_prefix
020423,subheading,0204,,,derived_from_prefix
020430,subheading,0204,,,derived_from_prefix
020441,subheading,0204,,,derived_from_prefix
020442,subheading,0204,,,derived_from_prefix
020443,subheading,0204,,,derived_from_prefix
020450,subheading,0204,,,derived_from_prefix
020500,subheading,0205,,,derived_from_prefix
020610,subheading,0206,,,derived_from_prefix
020621,subheading,0206,,,derived_from_prefix
020622,subheading,0206,,,derived_from_prefix
020629,subheading,0206,,,derived_from_prefix
020630,subheading,0206,,,derived_from_prefix
020641,subheading,0206,,,derived_from_prefix
020649,subheading,0206,,,derived_from_prefix
020680,subheading,0206,,,derived_from_prefix
020690,subheading,0206,,,derived_from_prefix
020711,subheading,0207,,,derived_from_prefix
020712,subheading,0207,,,derived_from_prefix
020713,subheading,0207,,,derived_from_prefix
020714,subheading,0207,,,derived_from_prefix
020724,subheading,0207,,,derived_from_prefix
020725,subheading,0207,,,derived_from_prefix
020726,subheading,0207,,,derived_from_prefix
020727,subheading,0207,,,derived_from_prefix
020741,subheading,0207,,,derived_from_prefix
020742,subheading,0207,,,derived_from_prefix
020743,subheading,0207,,,derived_from_prefix
020744,subheading,0207,,,derived_from_prefix
020745,subheading,0207,,,derived_from_prefix
020751,subheading,0207,,,derived_from_prefix
020752,subheading,0207,,,derived_from_prefix
020753,subheading,0207,,,derived_from_prefix
020754,subheading,0207,,,derived_from_prefix
020755,subheading,0207,,,derived_from_prefix
020760,subheading,0207,,,derived_from_prefix
020810,subheading,0208,,,derived_from_prefix
020830,subheading,0208,,,derived_from_prefix
020840,subheading,0208,,,derived_from_prefix
020850,subheading,0208,,,derived_from_prefix
020860,subheading,0208,,,derived_from_prefix
020890,subheading,0208,,,derived_from_prefix
020910,subheading,0209,,,derived_from_prefix
020990,subheading,0209,,,derived_from_prefix
021011,subheading,0210,,,derived_from_prefix
021012,subheading,0210,,,derived_from_prefix
021019,subheading,0210,,,derived_from_prefix
021020,subheading,0210,,,derived_from_prefix
021091,subheading,0210,,,derived_from_prefix
021092,subheading,0210,,,derived_from_prefix
021093,subheading,0210,,,derived_from_prefix
021099,subheading,0210,,,derived_from_prefix
040110,subheading,0401,,,derived_from_prefix
040120,subheading,0401,,,derived_from_prefix
040140,subheading,0401,,,derived_from_prefix
040150,subheading,0401,,,derived_from_prefix
040210,subheading,0402,,,derived_from_prefix
040221,subheading,0402,,,derived_from_prefix
040229,subheading,0402,,,derived_from_prefix
040291,subheading,0402,,,derived_from_prefix
040299,subheading,0402,,,derived_from_prefix
040320,subheading,0403,,,derived_from_prefix
040390,subheading,0403,,,derived_from_prefix
040410,subheading,0404,,,derived_from_prefix
040490,subheading,0404,,,derived_from_prefix
040510,subheading,0405,,,derived_from_prefix
040520,subheading,0405,,,derived_from_prefix
040590,subheading,0405,,,derived_from_prefix
040610,subheading,0406,,,derived_from_prefix
040620,subheading,0406,,,derived_from_prefix
040630,subheading,0406,,,derived_from_prefix
040640,subheading,0406,,,derived_from_prefix
040690,subheading,0406,,,derived_from_prefix
040711,subheading,0407,,,derived_from_prefix
040719,subheading,0407,,,derived_from_prefix
040721,subheading,0407,,,derived_from_prefix
040729,subheading,0407,,,derived_from_prefix
040790,subheading,0407,,,derived_from_prefix
040811,subheading,0408,,,derived_from_prefix
040819,subheading,0408,,,derived_from_prefix
040891,subheading,0408,,,derived_from_prefix
040899,subheading,0408,,,derived_from_prefix
040900,subheading,0409,,,derived_from_prefix
041010,subheading,0410,,,derived_from_prefix
041090,subheading,0410,,,derived_from_prefix
160100,subheading,1601,,,derived_from_prefix
160210,subheading,1602,,,derived_from_prefix
160220,subheading,1602,,,derived_from_prefix
160231,subheading,1602,,,derived_from_prefix
160232,subheading,1602,,,derived_from_prefix
160239,subheading,1602,,,derived_from_prefix
160241,subheading,1602,,,derived_from_prefix
160242,subheading,1602,,,derived_from_prefix
160249,subheading,1602,,,derived_from_prefix
160250,subheading,1602,,,derived_from_prefix
160290,subheading,1602,,,derived_from_prefix
160300,subheading,1603,,,derived_from_prefix
160411,subheading,1604,,,derived_from_prefix
160412,subheading,1604,,,derived_from_prefix
160413,subheading,1604,,,derived_from_prefix
160414,subheading,1604,,,derived_from_prefix
160415,subheading,1604,,,derived_from_prefix
160416,subheading,1604,,,derived_from_prefix
160417,subheading,1604,,,derived_from_prefix
160418,subheading,1604,,,derived_from_prefix
160419,subheading,1604,,,derived_from_prefix
160420,subheading,1604,,,derived_from_prefix
160431,subheading,1604,,,derived_from_prefix
160432,subheading,1604,,,derived_from_prefix
160510,subheading,1605,,,derived_from_prefix
160521,subheading,1605,,,derived_from_prefix
160529,subheading,1605,,,derived_from_prefix
160530,subheading,1605,,,derived_from_prefix
160540,subheading,1605,,,derived_from_prefix
160551,subheading,1605,,,derived_from_prefix
160552,subheading,1605,,,derived_from_prefix
160553,subheading,1605,,,derived_from_prefix
160554,subheading,1605,,,derived_from_prefix
160555,subheading,1605,,,derived_from_prefix
160556,subheading,1605,,,derived_from_prefix
160557,subheading,1605,,,derived_from_prefix
160558,subheading,1605,,,derived_from_prefix
160559,subheading,1605,,,derived_from_prefix
160561,subheading,1605,,,derived_from_prefix
160562,subheading,1605,,,derived_from_prefix
160563,subheading,1605,,,derived_from_prefix
160569,subheading,1605,,,derived_from_prefix
210111,subheading,2101,,,derived_from_prefix
210112,subheading,2101,,,derived_from_prefix
210120,subheading,2101,,,derived_from_prefix
210130,subheading,2101,,,derived_from_prefix
210210,subheading,2102,,,derived_from_prefix
210220,subheading,2102,,,derived_from_prefix
210230,subheading,2102,,,derived_from_prefix
210310,subheading,2103,,,derived_from_prefix
210320,subheading,2103,,,derived_from_prefix
210330,subheading,2103,,,derived_from_prefix
210390,subheading,2103,,,derived_from_prefix
210410,subheading,2104,,,derived_from_prefix
210420,subheading,2104,,,derived_from_prefix
210500,subheading,2105,,,derived_from_prefix
210610,subheading,2106,,,derived_from_prefix
210690,subheading,2106,,,derived_from_prefix
300120,subheading,3001,,,derived_from_prefix
300190,subheading,3001,,,derived_from_prefix
300212,subheading,3002,,,derived_from_prefix
300213,subheading,3002,,,derived_from_prefix
300214,subheading,3002,,,derived_from_prefix
300215,subheading,3002,,,derived_from_prefix
300241,subheading,3002,,,derived_from_prefix
300242,subheading,3002,,,derived_from_prefix
300249,subheading,3002,,,derived_from_prefix
300251,subheading,3002,,,derived_from_prefix
300259,subheading,3002,,,derived_from_prefix
300290,subheading,3002,,,derived_from_prefix
300310,subheading,3003,,,derived_from_prefix
300320,subheading,3003,,,derived_from_prefix
300331,subheading,3003,,,derived_from_prefix
300339,subheading,3003,,,derived_from_prefix
300341,subheading,3003,,,derived_from_prefix
300342,subheading,3003,,,derived_from_prefix
300343,subheading,3003,,,derived_from_prefix
300349,subheading,3003,,,derived_from_prefix
300360,subheading,3003,,,derived_from_prefix
300390,subheading,3003,,,derived_from_prefix
300410,subheading,3004,,,derived_from_prefix
300420,subheading,3004,,,derived_from_prefix
300431,subheading,3004,,,derived_from_prefix
300432,subheading,3004,,,derived_from_prefix
300439,subheading,3004,,,derived_from_prefix
300441,subheading,3004,,,derived_from_prefix
300442,subheading,3004,,,derived_from_prefix
300443,subheading,3004,,,derived_from_prefix
300449,subheading,3004,,,derived_from_prefix
300450,subheading,3004,,,derived_from_prefix
300460,subheading,3004,,,derived_from_prefix
300490,subheading,3004,,,derived_from_prefix
300510,subheading,3005,,,derived_from_prefix
300590,subheading,3005,,,derived_from_prefix
300610,subheading,3006,,,derived_from_prefix
300630,subheading,3006,,,derived_from_prefix
300640,subheading,3006,,,derived_from_prefix
300650,subheading,3006,,,derived_from_prefix
300660,subheading,3006,,,derived_from_prefix
300670,subheading,3006,,,derived_from_prefix
300691,subheading,3006,,,derived_from_prefix
300692,subheading,3006,,,derived_from_prefix
300693,subheading,3006,,,derived_from_prefix
0201,heading,02,,,derived_from_prefix
0202,heading,02,,,derived_from_prefix
0203,heading,02,,,derived_from_prefix
0204,heading,02,,,derived_from_prefix
0205,heading,02,,,derived_from_prefix
0206,heading,02,,,derived_from_prefix
0207,heading,02,,,derived_from_prefix
0208,heading,02,,,derived_from_prefix
0209,heading,02,,,derived_from_prefix
0210,heading,02,,,derived_from_prefix
0401,heading,04,,,derived_from_prefix
0402,heading,04,,,derived_from_prefix
0403,heading,04,,,derived_from_prefix
0404,heading,04,,,derived_from_prefix
0405,heading,04,,,derived_from_prefix
0406,heading,04,,,derived_from_prefix
0407,heading,04,,,derived_from_prefix
0408,heading,04,,,derived_from_prefix
0409,heading,04,,,derived_from_prefix
0410,heading,04,,,derived_from_prefix
1601,heading,16,,,derived_from_prefix
1602,heading,16,,,derived_from_prefix
1603,heading,16,,,derived_from_prefix
1604,heading,16,,,derived_from_prefix
1605,heading,16,,,derived_from_prefix
2101,heading,21,,,derived_from_prefix
2102,heading,21,,,derived_from_prefix
2103,heading,21,,,derived_from_prefix
2104,heading,21,,,derived_from_prefix
2105,heading,21,,,derived_from_prefix
2106,heading,21,,,derived_from_prefix
3001,heading,30,,,derived_from_prefix
3002,heading,30,,,derived_from_prefix
3003,heading,30,,,derived_from_prefix
3004,heading,30,,,derived_from_prefix
3005,heading,30,,,derived_from_prefix
3006,heading,30,,,derived_from_prefix
02,chapter,S01,Мясо и пищевые мясные субпродукты,Мясо и пищевые мясные субпродукты,manual
04,chapter,S01,"Молочная продукция; яйца птиц; мед натуральный; пищевые продукты животного происхождения, в другом месте не поименованные или не включенные","Молочная продукция; яйца птиц; мед натуральный; пищевые продукты животного происхождения, в другом месте не поименованные или не включенные",manual
16,chapter,S04,"Готовые продукты из мяса, рыбы или ракообразных, моллюсков или прочих водных беспозвоночных","Готовые продукты из мяса, рыбы или ракообразных, моллюсков или прочих водных беспозвоночных",manual
21,chapter,S04,Разные пищевые продукты,Разные пищевые продукты,manual
30,chapter,S06,Фармацевтическая продукция,Фармацевтическая продукция,manual
S01,section,,Раздел I. Живые животные; продукты животного происхождения,Раздел I. Живые животные; продукты животного происхождения,manual
S04,section,,"Раздел IV. Готовые пищевые продукты; напитки, алкогольные и безалкогольные, и уксус; табак и его заменители","Раздел IV. Готовые пищевые продукты; напитки, алкогольные и безалкогольные, и уксус; табак и его заменители",manual
S06,section,,Раздел VI. Продукция химической и связанных с ней отраслей промышленности,Раздел VI. Продукция химической и связанных с ней отраслей промышленности,manual
